"SITE","SEASON","DATE","PLOT_ID","ROW","EME.raw","ZONE","TRAFFIC.by.zone","TRAFFIC.by.row"
"NH",2019,"16/11/2018",2,1,10,"O",0,0
"NH",2019,"16/11/2018",2,2,27,"O",0,0
"NH",2019,"16/11/2018",2,3,7,"O",0,0
"NH",2019,"16/11/2018",2,4,20,"W",3,3
"NH",2019,"16/11/2018",2,5,23,"W",3,3
"NH",2019,"16/11/2018",2,6,19,"W",3,3
"NH",2019,"16/11/2018",2,7,28,"W",3,3
"NH",2019,"16/11/2018",2,8,24,"C",0,0
"NH",2019,"16/11/2018",2,9,26,"C",0,0
"NH",2019,"16/11/2018",2,10,25,"C",0,0
"NH",2019,"16/11/2018",2,11,14,"C",0,0
"NH",2019,"16/11/2018",2,12,27,"C",0,0
"NH",2019,"16/11/2018",2,13,20,"C",0,0
"NH",2019,"16/11/2018",2,14,33,"C",0,0
"NH",2019,"16/11/2018",2,15,19,"C",0,0
"NH",2019,"16/11/2018",2,16,31,"W",3,3
"NH",2019,"16/11/2018",2,17,25,"W",3,3
"NH",2019,"16/11/2018",2,18,28,"W",3,3
"NH",2019,"16/11/2018",2,19,27,"W",3,3
"NH",2019,"16/11/2018",2,20,39,"O",0,0
"NH",2019,"16/11/2018",2,21,37,"O",0,0
"NH",2019,"16/11/2018",2,22,24,"O",0,0
"NH",2019,"16/11/2018",3,1,13,"O",0,1
"NH",2019,"16/11/2018",3,2,19,"O",0,1
"NH",2019,"16/11/2018",3,3,24,"O",0,1
"NH",2019,"16/11/2018",3,4,28,"W",4,4
"NH",2019,"16/11/2018",3,5,21,"W",4,4
"NH",2019,"16/11/2018",3,6,14,"W",4,4
"NH",2019,"16/11/2018",3,7,25,"W",4,4
"NH",2019,"16/11/2018",3,8,21,"C",1,1
"NH",2019,"16/11/2018",3,9,27,"C",1,1
"NH",2019,"16/11/2018",3,10,17,"C",1,0
"NH",2019,"16/11/2018",3,11,18,"C",1,0
"NH",2019,"16/11/2018",3,12,33,"C",1,0
"NH",2019,"16/11/2018",3,13,14,"C",1,0
"NH",2019,"16/11/2018",3,14,33,"C",1,1
"NH",2019,"16/11/2018",3,15,21,"C",1,1
"NH",2019,"16/11/2018",3,16,39,"W",4,4
"NH",2019,"16/11/2018",3,17,13,"W",4,4
"NH",2019,"16/11/2018",3,18,21,"W",4,4
"NH",2019,"16/11/2018",3,19,38,"W",4,4
"NH",2019,"16/11/2018",3,20,37,"O",0,1
"NH",2019,"16/11/2018",3,21,40,"O",0,1
"NH",2019,"16/11/2018",3,22,19,"O",0,1
"NH",2019,"16/11/2018",4,1,20,"O",0,0
"NH",2019,"16/11/2018",4,2,42,"O",0,0
"NH",2019,"16/11/2018",4,3,18,"O",0,0
"NH",2019,"16/11/2018",4,4,30,"W",3,3
"NH",2019,"16/11/2018",4,5,22,"W",3,3
"NH",2019,"16/11/2018",4,6,25,"W",3,3
"NH",2019,"16/11/2018",4,7,16,"W",3,3
"NH",2019,"16/11/2018",4,8,35,"C",0,0
"NH",2019,"16/11/2018",4,9,15,"C",0,0
"NH",2019,"16/11/2018",4,10,29,"C",0,0
"NH",2019,"16/11/2018",4,11,12,"C",0,0
"NH",2019,"16/11/2018",4,12,30,"C",0,0
"NH",2019,"16/11/2018",4,13,30,"C",0,0
"NH",2019,"16/11/2018",4,14,17,"C",0,0
"NH",2019,"16/11/2018",4,15,20,"C",0,0
"NH",2019,"16/11/2018",4,16,26,"W",3,3
"NH",2019,"16/11/2018",4,17,20,"W",3,3
"NH",2019,"16/11/2018",4,18,36,"W",3,3
"NH",2019,"16/11/2018",4,19,26,"W",3,3
"NH",2019,"16/11/2018",4,20,41,"O",0,0
"NH",2019,"16/11/2018",4,21,39,"O",0,0
"NH",2019,"16/11/2018",4,22,31,"O",0,0
"NH",2019,"16/11/2018",5,1,23,"O",0,1
"NH",2019,"16/11/2018",5,2,29,"O",0,1
"NH",2019,"16/11/2018",5,3,29,"O",0,1
"NH",2019,"16/11/2018",5,4,39,"W",4,4
"NH",2019,"16/11/2018",5,5,23,"W",4,4
"NH",2019,"16/11/2018",5,6,33,"W",4,4
"NH",2019,"16/11/2018",5,7,17,"W",4,4
"NH",2019,"16/11/2018",5,8,27,"C",1,1
"NH",2019,"16/11/2018",5,9,22,"C",1,1
"NH",2019,"16/11/2018",5,10,33,"C",1,0
"NH",2019,"16/11/2018",5,11,25,"C",1,0
"NH",2019,"16/11/2018",5,12,28,"C",1,0
"NH",2019,"16/11/2018",5,13,28,"C",1,0
"NH",2019,"16/11/2018",5,14,23,"C",1,1
"NH",2019,"16/11/2018",5,15,34,"C",1,1
"NH",2019,"16/11/2018",5,16,33,"W",4,4
"NH",2019,"16/11/2018",5,17,32,"W",4,4
"NH",2019,"16/11/2018",5,18,25,"W",4,4
"NH",2019,"16/11/2018",5,19,29,"W",4,4
"NH",2019,"16/11/2018",5,20,42,"O",0,1
"NH",2019,"16/11/2018",5,21,34,"O",0,1
"NH",2019,"16/11/2018",5,22,35,"O",0,1
"NH",2019,"16/11/2018",6,1,26,"O",0,0
"NH",2019,"16/11/2018",6,2,28,"O",0,1
"NH",2019,"16/11/2018",6,3,28,"O",0,1
"NH",2019,"16/11/2018",6,4,39,"W",4,4
"NH",2019,"16/11/2018",6,5,17,"W",4,4
"NH",2019,"16/11/2018",6,6,33,"W",4,3
"NH",2019,"16/11/2018",6,7,18,"W",4,3
"NH",2019,"16/11/2018",6,8,16,"C",0,0
"NH",2019,"16/11/2018",6,9,32,"C",0,0
"NH",2019,"16/11/2018",6,10,27,"C",0,0
"NH",2019,"16/11/2018",6,11,31,"C",0,0
"NH",2019,"16/11/2018",6,12,41,"C",0,0
"NH",2019,"16/11/2018",6,13,27,"C",0,0
"NH",2019,"16/11/2018",6,14,27,"C",0,1
"NH",2019,"16/11/2018",6,15,28,"C",0,1
"NH",2019,"16/11/2018",6,16,37,"W",4,4
"NH",2019,"16/11/2018",6,17,32,"W",4,4
"NH",2019,"16/11/2018",6,18,31,"W",4,3
"NH",2019,"16/11/2018",6,19,30,"W",4,3
"NH",2019,"16/11/2018",6,20,49,"O",0,0
"NH",2019,"16/11/2018",6,21,32,"O",0,0
"NH",2019,"16/11/2018",6,22,25,"O",0,0
"NH",2019,"16/11/2018",7,1,22,"O",0,0
"NH",2019,"16/11/2018",7,2,30,"O",0,0
"NH",2019,"16/11/2018",7,3,27,"O",0,0
"NH",2019,"16/11/2018",7,4,23,"W",3,3
"NH",2019,"16/11/2018",7,5,19,"W",3,3
"NH",2019,"16/11/2018",7,6,20,"W",3,3
"NH",2019,"16/11/2018",7,7,17,"W",3,3
"NH",2019,"16/11/2018",7,8,20,"C",0,0
"NH",2019,"16/11/2018",7,9,22,"C",0,0
"NH",2019,"16/11/2018",7,10,33,"C",0,0
"NH",2019,"16/11/2018",7,11,23,"C",0,0
"NH",2019,"16/11/2018",7,12,29,"C",0,0
"NH",2019,"16/11/2018",7,13,26,"C",0,0
"NH",2019,"16/11/2018",7,14,28,"C",0,0
"NH",2019,"16/11/2018",7,15,41,"C",0,0
"NH",2019,"16/11/2018",7,16,18,"W",3,3
"NH",2019,"16/11/2018",7,17,35,"W",3,3
"NH",2019,"16/11/2018",7,18,19,"W",3,3
"NH",2019,"16/11/2018",7,19,21,"W",3,3
"NH",2019,"16/11/2018",7,20,29,"O",0,0
"NH",2019,"16/11/2018",7,21,28,"O",0,0
"NH",2019,"16/11/2018",7,22,21,"O",0,0
"NH",2019,"16/11/2018",8,1,23,"O",0,1
"NH",2019,"16/11/2018",8,2,33,"O",0,2
"NH",2019,"16/11/2018",8,3,31,"O",0,2
"NH",2019,"16/11/2018",8,4,33,"W",4,5
"NH",2019,"16/11/2018",8,5,25,"W",4,4
"NH",2019,"16/11/2018",8,6,22,"W",4,4
"NH",2019,"16/11/2018",8,7,28,"W",4,5
"NH",2019,"16/11/2018",8,8,24,"C",1,2
"NH",2019,"16/11/2018",8,9,19,"C",1,2
"NH",2019,"16/11/2018",8,10,28,"C",1,1
"NH",2019,"16/11/2018",8,11,41,"C",1,0
"NH",2019,"16/11/2018",8,12,41,"C",1,0
"NH",2019,"16/11/2018",8,13,29,"C",1,1
"NH",2019,"16/11/2018",8,14,30,"C",1,2
"NH",2019,"16/11/2018",8,15,35,"C",1,2
"NH",2019,"16/11/2018",8,16,28,"W",4,5
"NH",2019,"16/11/2018",8,17,36,"W",4,4
"NH",2019,"16/11/2018",8,18,32,"W",4,4
"NH",2019,"16/11/2018",8,19,35,"W",4,5
"NH",2019,"16/11/2018",8,20,35,"O",0,2
"NH",2019,"16/11/2018",8,21,24,"O",0,2
"NH",2019,"16/11/2018",8,22,34,"O",0,1
"NH",2019,"16/11/2018",9,1,23,"O",0,1
"NH",2019,"16/11/2018",9,2,35,"O",0,2
"NH",2019,"16/11/2018",9,3,29,"O",0,2
"NH",2019,"16/11/2018",9,4,29,"W",4,5
"NH",2019,"16/11/2018",9,5,24,"W",4,4
"NH",2019,"16/11/2018",9,6,26,"W",4,4
"NH",2019,"16/11/2018",9,7,19,"W",4,5
"NH",2019,"16/11/2018",9,8,31,"C",1,2
"NH",2019,"16/11/2018",9,9,22,"C",1,2
"NH",2019,"16/11/2018",9,10,41,"C",1,1
"NH",2019,"16/11/2018",9,11,31,"C",1,0
"NH",2019,"16/11/2018",9,12,42,"C",1,0
"NH",2019,"16/11/2018",9,13,29,"C",1,1
"NH",2019,"16/11/2018",9,14,35,"C",1,2
"NH",2019,"16/11/2018",9,15,28,"C",1,2
"NH",2019,"16/11/2018",9,16,37,"W",4,5
"NH",2019,"16/11/2018",9,17,21,"W",4,4
"NH",2019,"16/11/2018",9,18,27,"W",4,4
"NH",2019,"16/11/2018",9,19,41,"W",4,5
"NH",2019,"16/11/2018",9,20,43,"O",0,2
"NH",2019,"16/11/2018",9,21,28,"O",0,2
"NH",2019,"16/11/2018",9,22,35,"O",0,1
"NH",2019,"16/11/2018",10,1,23,"O",0,0
"NH",2019,"16/11/2018",10,2,30,"O",0,0
"NH",2019,"16/11/2018",10,3,22,"O",0,0
"NH",2019,"16/11/2018",10,4,34,"W",3,3
"NH",2019,"16/11/2018",10,5,23,"W",3,3
"NH",2019,"16/11/2018",10,6,27,"W",3,3
"NH",2019,"16/11/2018",10,7,34,"W",3,3
"NH",2019,"16/11/2018",10,8,18,"C",0,0
"NH",2019,"16/11/2018",10,9,23,"C",0,0
"NH",2019,"16/11/2018",10,10,25,"C",0,0
"NH",2019,"16/11/2018",10,11,24,"C",0,0
"NH",2019,"16/11/2018",10,12,38,"C",0,0
"NH",2019,"16/11/2018",10,13,23,"C",0,0
"NH",2019,"16/11/2018",10,14,33,"C",0,0
"NH",2019,"16/11/2018",10,15,32,"C",0,0
"NH",2019,"16/11/2018",10,16,24,"W",3,3
"NH",2019,"16/11/2018",10,17,11,"W",3,3
"NH",2019,"16/11/2018",10,18,29,"W",3,3
"NH",2019,"16/11/2018",10,19,22,"W",3,3
"NH",2019,"16/11/2018",10,20,43,"O",0,0
"NH",2019,"16/11/2018",10,21,24,"O",0,0
"NH",2019,"16/11/2018",10,22,35,"O",0,0
"NH",2019,"16/11/2018",11,1,25,"O",0,0
"NH",2019,"16/11/2018",11,2,28,"O",0,0
"NH",2019,"16/11/2018",11,3,14,"O",0,0
"NH",2019,"16/11/2018",11,4,16,"W",3,3
"NH",2019,"16/11/2018",11,5,19,"W",3,3
"NH",2019,"16/11/2018",11,6,20,"W",3,3
"NH",2019,"16/11/2018",11,7,26,"W",3,3
"NH",2019,"16/11/2018",11,8,29,"C",0,0
"NH",2019,"16/11/2018",11,9,34,"C",0,0
"NH",2019,"16/11/2018",11,10,26,"C",0,0
"NH",2019,"16/11/2018",11,11,21,"C",0,0
"NH",2019,"16/11/2018",11,12,23,"C",0,0
"NH",2019,"16/11/2018",11,13,18,"C",0,0
"NH",2019,"16/11/2018",11,14,28,"C",0,0
"NH",2019,"16/11/2018",11,15,36,"C",0,0
"NH",2019,"16/11/2018",11,16,26,"W",3,3
"NH",2019,"16/11/2018",11,17,31,"W",3,3
"NH",2019,"16/11/2018",11,18,29,"W",3,3
"NH",2019,"16/11/2018",11,19,33,"W",3,3
"NH",2019,"16/11/2018",11,20,33,"O",0,0
"NH",2019,"16/11/2018",11,21,31,"O",0,0
"NH",2019,"16/11/2018",11,22,23,"O",0,0
"NH",2019,"16/11/2018",12,1,10,"O",0,0
"NH",2019,"16/11/2018",12,2,33,"O",0,1
"NH",2019,"16/11/2018",12,3,27,"O",0,1
"NH",2019,"16/11/2018",12,4,25,"W",4,4
"NH",2019,"16/11/2018",12,5,17,"W",4,4
"NH",2019,"16/11/2018",12,6,21,"W",4,3
"NH",2019,"16/11/2018",12,7,29,"W",4,3
"NH",2019,"16/11/2018",12,8,23,"C",0,0
"NH",2019,"16/11/2018",12,9,21,"C",0,0
"NH",2019,"16/11/2018",12,10,30,"C",0,0
"NH",2019,"16/11/2018",12,11,11,"C",0,0
"NH",2019,"16/11/2018",12,12,27,"C",0,0
"NH",2019,"16/11/2018",12,13,25,"C",0,0
"NH",2019,"16/11/2018",12,14,27,"C",0,1
"NH",2019,"16/11/2018",12,15,19,"C",0,1
"NH",2019,"16/11/2018",12,16,28,"W",4,4
"NH",2019,"16/11/2018",12,17,19,"W",4,4
"NH",2019,"16/11/2018",12,18,20,"W",4,3
"NH",2019,"16/11/2018",12,19,17,"W",4,3
"NH",2019,"16/11/2018",12,20,24,"O",0,0
"NH",2019,"16/11/2018",12,21,26,"O",0,0
"NH",2019,"16/11/2018",12,22,25,"O",0,0
"NH",2019,"16/11/2018",13,1,18,"O",0,0
"NH",2019,"16/11/2018",13,2,35,"O",0,0
"NH",2019,"16/11/2018",13,3,26,"O",0,0
"NH",2019,"16/11/2018",13,4,29,"W",3,3
"NH",2019,"16/11/2018",13,5,19,"W",3,3
"NH",2019,"16/11/2018",13,6,22,"W",3,3
"NH",2019,"16/11/2018",13,7,26,"W",3,3
"NH",2019,"16/11/2018",13,8,31,"C",0,0
"NH",2019,"16/11/2018",13,9,21,"C",0,0
"NH",2019,"16/11/2018",13,10,29,"C",0,0
"NH",2019,"16/11/2018",13,11,26,"C",0,0
"NH",2019,"16/11/2018",13,12,27,"C",0,0
"NH",2019,"16/11/2018",13,13,26,"C",0,0
"NH",2019,"16/11/2018",13,14,34,"C",0,0
"NH",2019,"16/11/2018",13,15,33,"C",0,0
"NH",2019,"16/11/2018",13,16,34,"W",3,3
"NH",2019,"16/11/2018",13,17,18,"W",3,3
"NH",2019,"16/11/2018",13,18,32,"W",3,3
"NH",2019,"16/11/2018",13,19,35,"W",3,3
"NH",2019,"16/11/2018",13,20,34,"O",0,0
"NH",2019,"16/11/2018",13,21,23,"O",0,0
"NH",2019,"16/11/2018",13,22,41,"O",0,0
"NH",2019,"16/11/2018",15,1,25,"O",0,1
"NH",2019,"16/11/2018",15,2,29,"O",0,1
"NH",2019,"16/11/2018",15,3,29,"O",0,1
"NH",2019,"16/11/2018",15,4,39,"W",4,4
"NH",2019,"16/11/2018",15,5,30,"W",4,4
"NH",2019,"16/11/2018",15,6,41,"W",4,4
"NH",2019,"16/11/2018",15,7,29,"W",4,4
"NH",2019,"16/11/2018",15,8,29,"C",1,1
"NH",2019,"16/11/2018",15,9,26,"C",1,1
"NH",2019,"16/11/2018",15,10,37,"C",1,0
"NH",2019,"16/11/2018",15,11,29,"C",1,0
"NH",2019,"16/11/2018",15,12,32,"C",1,0
"NH",2019,"16/11/2018",15,13,19,"C",1,0
"NH",2019,"16/11/2018",15,14,34,"C",1,1
"NH",2019,"16/11/2018",15,15,24,"C",1,1
"NH",2019,"16/11/2018",15,16,43,"W",4,4
"NH",2019,"16/11/2018",15,17,25,"W",4,4
"NH",2019,"16/11/2018",15,18,38,"W",4,4
"NH",2019,"16/11/2018",15,19,41,"W",4,4
"NH",2019,"16/11/2018",15,20,33,"O",0,1
"NH",2019,"16/11/2018",15,21,26,"O",0,1
"NH",2019,"16/11/2018",15,22,40,"O",0,1
"NH",2019,"16/11/2018",16,1,19,"O",0,1
"NH",2019,"16/11/2018",16,2,24,"O",0,1
"NH",2019,"16/11/2018",16,3,33,"O",0,1
"NH",2019,"16/11/2018",16,4,25,"W",4,4
"NH",2019,"16/11/2018",16,5,36,"W",4,4
"NH",2019,"16/11/2018",16,6,34,"W",4,4
"NH",2019,"16/11/2018",16,7,27,"W",4,4
"NH",2019,"16/11/2018",16,8,34,"C",1,1
"NH",2019,"16/11/2018",16,9,26,"C",1,1
"NH",2019,"16/11/2018",16,10,21,"C",1,0
"NH",2019,"16/11/2018",16,11,31,"C",1,0
"NH",2019,"16/11/2018",16,12,37,"C",1,0
"NH",2019,"16/11/2018",16,13,27,"C",1,0
"NH",2019,"16/11/2018",16,14,23,"C",1,1
"NH",2019,"16/11/2018",16,15,23,"C",1,1
"NH",2019,"16/11/2018",16,16,35,"W",4,4
"NH",2019,"16/11/2018",16,17,36,"W",4,4
"NH",2019,"16/11/2018",16,18,27,"W",4,4
"NH",2019,"16/11/2018",16,19,31,"W",4,4
"NH",2019,"16/11/2018",16,20,45,"O",0,1
"NH",2019,"16/11/2018",16,21,35,"O",0,1
"NH",2019,"16/11/2018",16,22,29,"O",0,1
"NH",2019,"16/11/2018",17,1,21,"O",0,0
"NH",2019,"16/11/2018",17,2,42,"O",0,0
"NH",2019,"16/11/2018",17,3,15,"O",0,0
"NH",2019,"16/11/2018",17,4,33,"W",3,3
"NH",2019,"16/11/2018",17,5,22,"W",3,3
"NH",2019,"16/11/2018",17,6,27,"W",3,3
"NH",2019,"16/11/2018",17,7,21,"W",3,3
"NH",2019,"16/11/2018",17,8,20,"C",0,0
"NH",2019,"16/11/2018",17,9,19,"C",0,0
"NH",2019,"16/11/2018",17,10,31,"C",0,0
"NH",2019,"16/11/2018",17,11,29,"C",0,0
"NH",2019,"16/11/2018",17,12,43,"C",0,0
"NH",2019,"16/11/2018",17,13,25,"C",0,0
"NH",2019,"16/11/2018",17,14,29,"C",0,0
"NH",2019,"16/11/2018",17,15,30,"C",0,0
"NH",2019,"16/11/2018",17,16,34,"W",3,3
"NH",2019,"16/11/2018",17,17,16,"W",3,3
"NH",2019,"16/11/2018",17,18,25,"W",3,3
"NH",2019,"16/11/2018",17,19,36,"W",3,3
"NH",2019,"16/11/2018",17,20,35,"O",0,0
"NH",2019,"16/11/2018",17,21,44,"O",0,0
"NH",2019,"16/11/2018",17,22,31,"O",0,0
"NH",2019,"16/11/2018",18,1,33,"O",0,0
"NH",2019,"16/11/2018",18,2,40,"O",0,0
"NH",2019,"16/11/2018",18,3,26,"O",0,0
"NH",2019,"16/11/2018",18,4,37,"W",3,3
"NH",2019,"16/11/2018",18,5,41,"W",3,3
"NH",2019,"16/11/2018",18,6,30,"W",3,3
"NH",2019,"16/11/2018",18,7,32,"W",3,3
"NH",2019,"16/11/2018",18,8,41,"C",0,0
"NH",2019,"16/11/2018",18,9,18,"C",0,0
"NH",2019,"16/11/2018",18,10,42,"C",0,0
"NH",2019,"16/11/2018",18,11,29,"C",0,0
"NH",2019,"16/11/2018",18,12,46,"C",0,0
"NH",2019,"16/11/2018",18,13,23,"C",0,0
"NH",2019,"16/11/2018",18,14,40,"C",0,0
"NH",2019,"16/11/2018",18,15,33,"C",0,0
"NH",2019,"16/11/2018",18,16,39,"W",3,3
"NH",2019,"16/11/2018",18,17,35,"W",3,3
"NH",2019,"16/11/2018",18,18,28,"W",3,3
"NH",2019,"16/11/2018",18,19,30,"W",3,3
"NH",2019,"16/11/2018",18,20,35,"O",0,0
"NH",2019,"16/11/2018",18,21,30,"O",0,0
"NH",2019,"16/11/2018",18,22,30,"O",0,0
"NH",2019,"16/11/2018",19,1,35,"O",0,0
"NH",2019,"16/11/2018",19,2,31,"O",0,0
"NH",2019,"16/11/2018",19,3,22,"O",0,0
"NH",2019,"16/11/2018",19,4,31,"W",3,3
"NH",2019,"16/11/2018",19,5,30,"W",3,3
"NH",2019,"16/11/2018",19,6,18,"W",3,3
"NH",2019,"16/11/2018",19,7,14,"W",3,3
"NH",2019,"16/11/2018",19,8,22,"C",0,0
"NH",2019,"16/11/2018",19,9,30,"C",0,0
"NH",2019,"16/11/2018",19,10,27,"C",0,0
"NH",2019,"16/11/2018",19,11,15,"C",0,0
"NH",2019,"16/11/2018",19,12,24,"C",0,0
"NH",2019,"16/11/2018",19,13,22,"C",0,0
"NH",2019,"16/11/2018",19,14,33,"C",0,0
"NH",2019,"16/11/2018",19,15,33,"C",0,0
"NH",2019,"16/11/2018",19,16,31,"W",3,3
"NH",2019,"16/11/2018",19,17,20,"W",3,3
"NH",2019,"16/11/2018",19,18,28,"W",3,3
"NH",2019,"16/11/2018",19,19,20,"W",3,3
"NH",2019,"16/11/2018",19,20,31,"O",0,0
"NH",2019,"16/11/2018",19,21,29,"O",0,0
"NH",2019,"16/11/2018",19,22,20,"O",0,0
"NH",2019,"16/11/2018",20,1,28,"O",0,0
"NH",2019,"16/11/2018",20,2,33,"O",0,0
"NH",2019,"16/11/2018",20,3,41,"O",0,0
"NH",2019,"16/11/2018",20,4,29,"W",3,3
"NH",2019,"16/11/2018",20,5,30,"W",3,3
"NH",2019,"16/11/2018",20,6,33,"W",3,3
"NH",2019,"16/11/2018",20,7,27,"W",3,3
"NH",2019,"16/11/2018",20,8,33,"C",0,0
"NH",2019,"16/11/2018",20,9,22,"C",0,0
"NH",2019,"16/11/2018",20,10,24,"C",0,0
"NH",2019,"16/11/2018",20,11,20,"C",0,0
"NH",2019,"16/11/2018",20,12,37,"C",0,0
"NH",2019,"16/11/2018",20,13,37,"C",0,0
"NH",2019,"16/11/2018",20,14,21,"C",0,0
"NH",2019,"16/11/2018",20,15,16,"C",0,0
"NH",2019,"16/11/2018",20,16,36,"W",3,3
"NH",2019,"16/11/2018",20,17,36,"W",3,3
"NH",2019,"16/11/2018",20,18,36,"W",3,3
"NH",2019,"16/11/2018",20,19,25,"W",3,3
"NH",2019,"16/11/2018",20,20,31,"O",0,0
"NH",2019,"16/11/2018",20,21,51,"O",0,0
"NH",2019,"16/11/2018",20,22,34,"O",0,0
"NH",2019,"16/11/2018",21,1,26,"O",0,1
"NH",2019,"16/11/2018",21,2,33,"O",0,2
"NH",2019,"16/11/2018",21,3,35,"O",0,2
"NH",2019,"16/11/2018",21,4,24,"W",4,5
"NH",2019,"16/11/2018",21,5,23,"W",4,4
"NH",2019,"16/11/2018",21,6,30,"W",4,4
"NH",2019,"16/11/2018",21,7,29,"W",4,5
"NH",2019,"16/11/2018",21,8,27,"C",1,2
"NH",2019,"16/11/2018",21,9,28,"C",1,2
"NH",2019,"16/11/2018",21,10,29,"C",1,1
"NH",2019,"16/11/2018",21,11,42,"C",1,0
"NH",2019,"16/11/2018",21,12,41,"C",1,0
"NH",2019,"16/11/2018",21,13,32,"C",1,1
"NH",2019,"16/11/2018",21,14,28,"C",1,2
"NH",2019,"16/11/2018",21,15,34,"C",1,2
"NH",2019,"16/11/2018",21,16,49,"W",4,5
"NH",2019,"16/11/2018",21,17,25,"W",4,4
"NH",2019,"16/11/2018",21,18,24,"W",4,4
"NH",2019,"16/11/2018",21,19,40,"W",4,5
"NH",2019,"16/11/2018",21,20,45,"O",0,2
"NH",2019,"16/11/2018",21,21,37,"O",0,2
"NH",2019,"16/11/2018",21,22,33,"O",0,1
"NH",2019,"16/11/2018",22,1,24,"O",0,0
"NH",2019,"16/11/2018",22,2,25,"O",0,0
"NH",2019,"16/11/2018",22,3,30,"O",0,0
"NH",2019,"16/11/2018",22,4,27,"W",3,3
"NH",2019,"16/11/2018",22,5,27,"W",3,3
"NH",2019,"16/11/2018",22,6,19,"W",3,3
"NH",2019,"16/11/2018",22,7,25,"W",3,3
"NH",2019,"16/11/2018",22,8,15,"C",0,0
"NH",2019,"16/11/2018",22,9,25,"C",0,0
"NH",2019,"16/11/2018",22,10,28,"C",0,0
"NH",2019,"16/11/2018",22,11,19,"C",0,0
"NH",2019,"16/11/2018",22,12,23,"C",0,0
"NH",2019,"16/11/2018",22,13,13,"C",0,0
"NH",2019,"16/11/2018",22,14,24,"C",0,0
"NH",2019,"16/11/2018",22,15,25,"C",0,0
"NH",2019,"16/11/2018",22,16,37,"W",3,3
"NH",2019,"16/11/2018",22,17,23,"W",3,3
"NH",2019,"16/11/2018",22,18,13,"W",3,3
"NH",2019,"16/11/2018",22,19,30,"W",3,3
"NH",2019,"16/11/2018",22,20,31,"O",0,0
"NH",2019,"16/11/2018",22,21,17,"O",0,0
"NH",2019,"16/11/2018",22,22,20,"O",0,0
"NH",2019,"16/11/2018",23,1,13,"O",0,0
"NH",2019,"16/11/2018",23,2,31,"O",0,0
"NH",2019,"16/11/2018",23,3,26,"O",0,0
"NH",2019,"16/11/2018",23,4,27,"W",3,3
"NH",2019,"16/11/2018",23,5,29,"W",3,3
"NH",2019,"16/11/2018",23,6,32,"W",3,3
"NH",2019,"16/11/2018",23,7,27,"W",3,3
"NH",2019,"16/11/2018",23,8,34,"C",0,0
"NH",2019,"16/11/2018",23,9,26,"C",0,0
"NH",2019,"16/11/2018",23,10,28,"C",0,0
"NH",2019,"16/11/2018",23,11,22,"C",0,0
"NH",2019,"16/11/2018",23,12,26,"C",0,0
"NH",2019,"16/11/2018",23,13,26,"C",0,0
"NH",2019,"16/11/2018",23,14,35,"C",0,0
"NH",2019,"16/11/2018",23,15,29,"C",0,0
"NH",2019,"16/11/2018",23,16,40,"W",3,3
"NH",2019,"16/11/2018",23,17,29,"W",3,3
"NH",2019,"16/11/2018",23,18,31,"W",3,3
"NH",2019,"16/11/2018",23,19,43,"W",3,3
"NH",2019,"16/11/2018",23,20,42,"O",0,0
"NH",2019,"16/11/2018",23,21,45,"O",0,0
"NH",2019,"16/11/2018",23,22,38,"O",0,0
"NH",2019,"16/11/2018",24,1,18,"O",0,1
"NH",2019,"16/11/2018",24,2,32,"O",0,2
"NH",2019,"16/11/2018",24,3,38,"O",0,2
"NH",2019,"16/11/2018",24,4,27,"W",4,5
"NH",2019,"16/11/2018",24,5,20,"W",4,4
"NH",2019,"16/11/2018",24,6,41,"W",4,4
"NH",2019,"16/11/2018",24,7,29,"W",4,5
"NH",2019,"16/11/2018",24,8,35,"C",1,2
"NH",2019,"16/11/2018",24,9,28,"C",1,2
"NH",2019,"16/11/2018",24,10,25,"C",1,1
"NH",2019,"16/11/2018",24,11,32,"C",1,0
"NH",2019,"16/11/2018",24,12,24,"C",1,0
"NH",2019,"16/11/2018",24,13,32,"C",1,1
"NH",2019,"16/11/2018",24,14,29,"C",1,2
"NH",2019,"16/11/2018",24,15,33,"C",1,2
"NH",2019,"16/11/2018",24,16,21,"W",4,5
"NH",2019,"16/11/2018",24,17,24,"W",4,4
"NH",2019,"16/11/2018",24,18,42,"W",4,4
"NH",2019,"16/11/2018",24,19,27,"W",4,5
"NH",2019,"16/11/2018",24,20,29,"O",0,2
"NH",2019,"16/11/2018",24,21,28,"O",0,2
"NH",2019,"16/11/2018",24,22,20,"O",0,1
"NH",2019,"16/11/2018",25,1,18,"O",0,0
"NH",2019,"16/11/2018",25,2,33,"O",0,1
"NH",2019,"16/11/2018",25,3,21,"O",0,1
"NH",2019,"16/11/2018",25,4,28,"W",4,4
"NH",2019,"16/11/2018",25,5,29,"W",4,4
"NH",2019,"16/11/2018",25,6,27,"W",4,3
"NH",2019,"16/11/2018",25,7,30,"W",4,3
"NH",2019,"16/11/2018",25,8,31,"C",0,0
"NH",2019,"16/11/2018",25,9,23,"C",0,0
"NH",2019,"16/11/2018",25,10,24,"C",0,0
"NH",2019,"16/11/2018",25,11,20,"C",0,0
"NH",2019,"16/11/2018",25,12,30,"C",0,0
"NH",2019,"16/11/2018",25,13,18,"C",0,0
"NH",2019,"16/11/2018",25,14,27,"C",0,1
"NH",2019,"16/11/2018",25,15,31,"C",0,1
"NH",2019,"16/11/2018",25,16,39,"W",4,4
"NH",2019,"16/11/2018",25,17,32,"W",4,4
"NH",2019,"16/11/2018",25,18,30,"W",4,3
"NH",2019,"16/11/2018",25,19,48,"W",4,3
"NH",2019,"16/11/2018",25,20,39,"O",0,0
"NH",2019,"16/11/2018",25,21,25,"O",0,0
"NH",2019,"16/11/2018",25,22,35,"O",0,0
"NH",2019,"16/11/2018",26,1,29,"O",0,0
"NH",2019,"16/11/2018",26,2,29,"O",0,1
"NH",2019,"16/11/2018",26,3,25,"O",0,1
"NH",2019,"16/11/2018",26,4,37,"W",4,4
"NH",2019,"16/11/2018",26,5,34,"W",4,4
"NH",2019,"16/11/2018",26,6,23,"W",4,3
"NH",2019,"16/11/2018",26,7,27,"W",4,3
"NH",2019,"16/11/2018",26,8,30,"C",0,0
"NH",2019,"16/11/2018",26,9,30,"C",0,0
"NH",2019,"16/11/2018",26,10,35,"C",0,0
"NH",2019,"16/11/2018",26,11,26,"C",0,0
"NH",2019,"16/11/2018",26,12,45,"C",0,0
"NH",2019,"16/11/2018",26,13,26,"C",0,0
"NH",2019,"16/11/2018",26,14,30,"C",0,1
"NH",2019,"16/11/2018",26,15,29,"C",0,1
"NH",2019,"16/11/2018",26,16,29,"W",4,4
"NH",2019,"16/11/2018",26,17,38,"W",4,4
"NH",2019,"16/11/2018",26,18,38,"W",4,3
"NH",2019,"16/11/2018",26,19,40,"W",4,3
"NH",2019,"16/11/2018",26,20,46,"O",0,0
"NH",2019,"16/11/2018",26,21,33,"O",0,0
"NH",2019,"16/11/2018",26,22,30,"O",0,0
"NH",2019,"16/11/2018",27,1,25,"O",0,0
"NH",2019,"16/11/2018",27,2,26,"O",0,0
"NH",2019,"16/11/2018",27,3,18,"O",0,0
"NH",2019,"16/11/2018",27,4,34,"W",3,3
"NH",2019,"16/11/2018",27,5,24,"W",3,3
"NH",2019,"16/11/2018",27,6,15,"W",3,3
"NH",2019,"16/11/2018",27,7,12,"W",3,3
"NH",2019,"16/11/2018",27,8,32,"C",0,0
"NH",2019,"16/11/2018",27,9,27,"C",0,0
"NH",2019,"16/11/2018",27,10,33,"C",0,0
"NH",2019,"16/11/2018",27,11,22,"C",0,0
"NH",2019,"16/11/2018",27,12,28,"C",0,0
"NH",2019,"16/11/2018",27,13,31,"C",0,0
"NH",2019,"16/11/2018",27,14,25,"C",0,0
"NH",2019,"16/11/2018",27,15,25,"C",0,0
"NH",2019,"16/11/2018",27,16,29,"W",3,3
"NH",2019,"16/11/2018",27,17,21,"W",3,3
"NH",2019,"16/11/2018",27,18,32,"W",3,3
"NH",2019,"16/11/2018",27,19,26,"W",3,3
"NH",2019,"16/11/2018",27,20,24,"O",0,0
"NH",2019,"16/11/2018",27,21,34,"O",0,0
"NH",2019,"16/11/2018",27,22,40,"O",0,0
"NH",2019,"16/11/2018",28,1,20,"O",0,1
"NH",2019,"16/11/2018",28,2,31,"O",0,1
"NH",2019,"16/11/2018",28,3,20,"O",0,1
"NH",2019,"16/11/2018",28,4,33,"W",4,4
"NH",2019,"16/11/2018",28,5,16,"W",4,4
"NH",2019,"16/11/2018",28,6,19,"W",4,4
"NH",2019,"16/11/2018",28,7,21,"W",4,4
"NH",2019,"16/11/2018",28,8,17,"C",1,1
"NH",2019,"16/11/2018",28,9,32,"C",1,1
"NH",2019,"16/11/2018",28,10,18,"C",1,0
"NH",2019,"16/11/2018",28,11,23,"C",1,0
"NH",2019,"16/11/2018",28,12,37,"C",1,0
"NH",2019,"16/11/2018",28,13,20,"C",1,0
"NH",2019,"16/11/2018",28,14,33,"C",1,1
"NH",2019,"16/11/2018",28,15,37,"C",1,1
"NH",2019,"16/11/2018",28,16,36,"W",4,4
"NH",2019,"16/11/2018",28,17,23,"W",4,4
"NH",2019,"16/11/2018",28,18,26,"W",4,4
"NH",2019,"16/11/2018",28,19,23,"W",4,4
"NH",2019,"16/11/2018",28,20,38,"O",0,1
"NH",2019,"16/11/2018",28,21,24,"O",0,1
"NH",2019,"16/11/2018",28,22,41,"O",0,1
"NH",2019,"16/11/2018",29,1,27,"O",0,1
"NH",2019,"16/11/2018",29,2,27,"O",0,2
"NH",2019,"16/11/2018",29,3,27,"O",0,2
"NH",2019,"16/11/2018",29,4,38,"W",4,5
"NH",2019,"16/11/2018",29,5,28,"W",4,4
"NH",2019,"16/11/2018",29,6,26,"W",4,4
"NH",2019,"16/11/2018",29,7,21,"W",4,5
"NH",2019,"16/11/2018",29,8,26,"C",1,2
"NH",2019,"16/11/2018",29,9,26,"C",1,2
"NH",2019,"16/11/2018",29,10,39,"C",1,1
"NH",2019,"16/11/2018",29,11,25,"C",1,0
"NH",2019,"16/11/2018",29,12,25,"C",1,0
"NH",2019,"16/11/2018",29,13,17,"C",1,1
"NH",2019,"16/11/2018",29,14,38,"C",1,2
"NH",2019,"16/11/2018",29,15,21,"C",1,2
"NH",2019,"16/11/2018",29,16,40,"W",4,5
"NH",2019,"16/11/2018",29,17,26,"W",4,4
"NH",2019,"16/11/2018",29,18,39,"W",4,4
"NH",2019,"16/11/2018",29,19,28,"W",4,5
"NH",2019,"16/11/2018",29,20,32,"O",0,2
"NH",2019,"16/11/2018",29,21,30,"O",0,2
"NH",2019,"16/11/2018",29,22,30,"O",0,1
"NH",2019,"16/11/2018",30,1,24,"O",0,0
"NH",2019,"16/11/2018",30,2,25,"O",0,0
"NH",2019,"16/11/2018",30,3,30,"O",0,0
"NH",2019,"16/11/2018",30,4,38,"W",3,3
"NH",2019,"16/11/2018",30,5,13,"W",3,3
"NH",2019,"16/11/2018",30,6,25,"W",3,3
"NH",2019,"16/11/2018",30,7,23,"W",3,3
"NH",2019,"16/11/2018",30,8,31,"C",0,0
"NH",2019,"16/11/2018",30,9,32,"C",0,0
"NH",2019,"16/11/2018",30,10,33,"C",0,0
"NH",2019,"16/11/2018",30,11,24,"C",0,0
"NH",2019,"16/11/2018",30,12,36,"C",0,0
"NH",2019,"16/11/2018",30,13,34,"C",0,0
"NH",2019,"16/11/2018",30,14,25,"C",0,0
"NH",2019,"16/11/2018",30,15,33,"C",0,0
"NH",2019,"16/11/2018",30,16,37,"W",3,3
"NH",2019,"16/11/2018",30,17,23,"W",3,3
"NH",2019,"16/11/2018",30,18,31,"W",3,3
"NH",2019,"16/11/2018",30,19,40,"W",3,3
"NH",2019,"16/11/2018",30,20,31,"O",0,0
"NH",2019,"16/11/2018",30,21,36,"O",0,0
"NH",2019,"16/11/2018",30,22,25,"O",0,0
"NH",2019,"16/11/2018",31,1,22,"O",0,0
"NH",2019,"16/11/2018",31,2,37,"O",0,0
"NH",2019,"16/11/2018",31,3,25,"O",0,0
"NH",2019,"16/11/2018",31,4,37,"W",3,3
"NH",2019,"16/11/2018",31,5,28,"W",3,3
"NH",2019,"16/11/2018",31,6,20,"W",3,3
"NH",2019,"16/11/2018",31,7,14,"W",3,3
"NH",2019,"16/11/2018",31,8,27,"C",0,0
"NH",2019,"16/11/2018",31,9,31,"C",0,0
"NH",2019,"16/11/2018",31,10,31,"C",0,0
"NH",2019,"16/11/2018",31,11,26,"C",0,0
"NH",2019,"16/11/2018",31,12,15,"C",0,0
"NH",2019,"16/11/2018",31,13,25,"C",0,0
"NH",2019,"16/11/2018",31,14,28,"C",0,0
"NH",2019,"16/11/2018",31,15,44,"C",0,0
"NH",2019,"16/11/2018",31,16,21,"W",3,3
"NH",2019,"16/11/2018",31,17,37,"W",3,3
"NH",2019,"16/11/2018",31,18,41,"W",3,3
"NH",2019,"16/11/2018",31,19,42,"W",3,3
"NH",2019,"16/11/2018",31,20,40,"O",0,0
"NH",2019,"16/11/2018",31,21,33,"O",0,0
"NH",2019,"16/11/2018",31,22,28,"O",0,0
"NH",2019,"16/11/2018",33,1,32,"O",0,1
"NH",2019,"16/11/2018",33,2,23,"O",0,1
"NH",2019,"16/11/2018",33,3,22,"O",0,1
"NH",2019,"16/11/2018",33,4,17,"W",4,4
"NH",2019,"16/11/2018",33,5,25,"W",4,4
"NH",2019,"16/11/2018",33,6,17,"W",4,4
"NH",2019,"16/11/2018",33,7,27,"W",4,4
"NH",2019,"16/11/2018",33,8,28,"C",1,1
"NH",2019,"16/11/2018",33,9,30,"C",1,1
"NH",2019,"16/11/2018",33,10,28,"C",1,0
"NH",2019,"16/11/2018",33,11,10,"C",1,0
"NH",2019,"16/11/2018",33,12,24,"C",1,0
"NH",2019,"16/11/2018",33,13,16,"C",1,0
"NH",2019,"16/11/2018",33,14,24,"C",1,1
"NH",2019,"16/11/2018",33,15,35,"C",1,1
"NH",2019,"16/11/2018",33,16,29,"W",4,4
"NH",2019,"16/11/2018",33,17,37,"W",4,4
"NH",2019,"16/11/2018",33,18,32,"W",4,4
"NH",2019,"16/11/2018",33,19,22,"W",4,4
"NH",2019,"16/11/2018",33,20,32,"O",0,1
"NH",2019,"16/11/2018",33,21,25,"O",0,1
"NH",2019,"16/11/2018",33,22,34,"O",0,1
"NH",2019,"16/11/2018",34,1,23,"O",0,1
"NH",2019,"16/11/2018",34,2,25,"O",0,2
"NH",2019,"16/11/2018",34,3,28,"O",0,2
"NH",2019,"16/11/2018",34,4,32,"W",4,5
"NH",2019,"16/11/2018",34,5,31,"W",4,4
"NH",2019,"16/11/2018",34,6,26,"W",4,4
"NH",2019,"16/11/2018",34,7,24,"W",4,5
"NH",2019,"16/11/2018",34,8,18,"C",1,2
"NH",2019,"16/11/2018",34,9,10,"C",1,2
"NH",2019,"16/11/2018",34,10,24,"C",1,1
"NH",2019,"16/11/2018",34,11,34,"C",1,0
"NH",2019,"16/11/2018",34,12,34,"C",1,0
"NH",2019,"16/11/2018",34,13,29,"C",1,1
"NH",2019,"16/11/2018",34,14,20,"C",1,2
"NH",2019,"16/11/2018",34,15,33,"C",1,2
"NH",2019,"16/11/2018",34,16,35,"W",4,5
"NH",2019,"16/11/2018",34,17,30,"W",4,4
"NH",2019,"16/11/2018",34,18,27,"W",4,4
"NH",2019,"16/11/2018",34,19,33,"W",4,5
"NH",2019,"16/11/2018",34,20,31,"O",0,2
"NH",2019,"16/11/2018",34,21,35,"O",0,2
"NH",2019,"16/11/2018",34,22,20,"O",0,1
"NH",2019,"16/11/2018",35,1,24,"O",0,0
"NH",2019,"16/11/2018",35,2,29,"O",0,1
"NH",2019,"16/11/2018",35,3,19,"O",0,1
"NH",2019,"16/11/2018",35,4,22,"W",4,4
"NH",2019,"16/11/2018",35,5,23,"W",4,4
"NH",2019,"16/11/2018",35,6,26,"W",4,3
"NH",2019,"16/11/2018",35,7,21,"W",4,3
"NH",2019,"16/11/2018",35,8,24,"C",0,0
"NH",2019,"16/11/2018",35,9,18,"C",0,0
"NH",2019,"16/11/2018",35,10,24,"C",0,0
"NH",2019,"16/11/2018",35,11,14,"C",0,0
"NH",2019,"16/11/2018",35,12,17,"C",0,0
"NH",2019,"16/11/2018",35,13,19,"C",0,0
"NH",2019,"16/11/2018",35,14,27,"C",0,1
"NH",2019,"16/11/2018",35,15,19,"C",0,1
"NH",2019,"16/11/2018",35,16,24,"W",4,4
"NH",2019,"16/11/2018",35,17,26,"W",4,4
"NH",2019,"16/11/2018",35,18,26,"W",4,3
"NH",2019,"16/11/2018",35,19,25,"W",4,3
"NH",2019,"16/11/2018",35,20,28,"O",0,0
"NH",2019,"16/11/2018",35,21,17,"O",0,0
"NH",2019,"16/11/2018",35,22,19,"O",0,0
"NH",2019,"16/11/2018",36,1,34,"O",0,0
"NH",2019,"16/11/2018",36,2,39,"O",0,1
"NH",2019,"16/11/2018",36,3,32,"O",0,1
"NH",2019,"16/11/2018",36,4,44,"W",4,4
"NH",2019,"16/11/2018",36,5,33,"W",4,4
"NH",2019,"16/11/2018",36,6,28,"W",4,3
"NH",2019,"16/11/2018",36,7,24,"W",4,3
"NH",2019,"16/11/2018",36,8,22,"C",0,0
"NH",2019,"16/11/2018",36,9,28,"C",0,0
"NH",2019,"16/11/2018",36,10,33,"C",0,0
"NH",2019,"16/11/2018",36,11,23,"C",0,0
"NH",2019,"16/11/2018",36,12,39,"C",0,0
"NH",2019,"16/11/2018",36,13,34,"C",0,0
"NH",2019,"16/11/2018",36,14,28,"C",0,1
"NH",2019,"16/11/2018",36,15,35,"C",0,1
"NH",2019,"16/11/2018",36,16,30,"W",4,4
"NH",2019,"16/11/2018",36,17,26,"W",4,4
"NH",2019,"16/11/2018",36,18,35,"W",4,3
"NH",2019,"16/11/2018",36,19,36,"W",4,3
"NH",2019,"16/11/2018",36,20,38,"O",0,0
"NH",2019,"16/11/2018",36,21,33,"O",0,0
"NH",2019,"16/11/2018",36,22,26,"O",0,0
"NH",2019,"16/11/2018",37,1,26,"O",0,0
"NH",2019,"16/11/2018",37,2,29,"O",0,0
"NH",2019,"16/11/2018",37,3,15,"O",0,0
"NH",2019,"16/11/2018",37,4,28,"W",3,3
"NH",2019,"16/11/2018",37,5,36,"W",3,3
"NH",2019,"16/11/2018",37,6,34,"W",3,3
"NH",2019,"16/11/2018",37,7,22,"W",3,3
"NH",2019,"16/11/2018",37,8,22,"C",0,0
"NH",2019,"16/11/2018",37,9,17,"C",0,0
"NH",2019,"16/11/2018",37,10,19,"C",0,0
"NH",2019,"16/11/2018",37,11,14,"C",0,0
"NH",2019,"16/11/2018",37,12,23,"C",0,0
"NH",2019,"16/11/2018",37,13,26,"C",0,0
"NH",2019,"16/11/2018",37,14,37,"C",0,0
"NH",2019,"16/11/2018",37,15,32,"C",0,0
"NH",2019,"16/11/2018",37,16,26,"W",3,3
"NH",2019,"16/11/2018",37,17,19,"W",3,3
"NH",2019,"16/11/2018",37,18,22,"W",3,3
"NH",2019,"16/11/2018",37,19,31,"W",3,3
"NH",2019,"16/11/2018",37,20,26,"O",0,0
"NH",2019,"16/11/2018",37,21,33,"O",0,0
"NH",2019,"16/11/2018",37,22,34,"O",0,0
"NH",2019,"16/11/2018",38,1,14,"O",0,0
"NH",2019,"16/11/2018",38,2,32,"O",0,0
"NH",2019,"16/11/2018",38,3,29,"O",0,0
"NH",2019,"16/11/2018",38,4,26,"W",3,3
"NH",2019,"16/11/2018",38,5,32,"W",3,3
"NH",2019,"16/11/2018",38,6,28,"W",3,3
"NH",2019,"16/11/2018",38,7,27,"W",3,3
"NH",2019,"16/11/2018",38,8,27,"C",0,0
"NH",2019,"16/11/2018",38,9,26,"C",0,0
"NH",2019,"16/11/2018",38,10,24,"C",0,0
"NH",2019,"16/11/2018",38,11,21,"C",0,0
"NH",2019,"16/11/2018",38,12,34,"C",0,0
"NH",2019,"16/11/2018",38,13,23,"C",0,0
"NH",2019,"16/11/2018",38,14,20,"C",0,0
"NH",2019,"16/11/2018",38,15,28,"C",0,0
"NH",2019,"16/11/2018",38,16,33,"W",3,3
"NH",2019,"16/11/2018",38,17,34,"W",3,3
"NH",2019,"16/11/2018",38,18,34,"W",3,3
"NH",2019,"16/11/2018",38,19,26,"W",3,3
"NH",2019,"16/11/2018",38,20,37,"O",0,0
"NH",2019,"16/11/2018",38,21,28,"O",0,0
"NH",2019,"16/11/2018",38,22,35,"O",0,0
"NH",2019,"16/11/2018",39,1,31,"O",0,0
"NH",2019,"16/11/2018",39,2,26,"O",0,0
"NH",2019,"16/11/2018",39,3,22,"O",0,0
"NH",2019,"16/11/2018",39,4,21,"W",3,3
"NH",2019,"16/11/2018",39,5,38,"W",3,3
"NH",2019,"16/11/2018",39,6,29,"W",3,3
"NH",2019,"16/11/2018",39,7,21,"W",3,3
"NH",2019,"16/11/2018",39,8,34,"C",0,0
"NH",2019,"16/11/2018",39,9,17,"C",0,0
"NH",2019,"16/11/2018",39,10,28,"C",0,0
"NH",2019,"16/11/2018",39,11,13,"C",0,0
"NH",2019,"16/11/2018",39,12,32,"C",0,0
"NH",2019,"16/11/2018",39,13,31,"C",0,0
"NH",2019,"16/11/2018",39,14,27,"C",0,0
"NH",2019,"16/11/2018",39,15,21,"C",0,0
"NH",2019,"16/11/2018",39,16,28,"W",3,3
"NH",2019,"16/11/2018",39,17,21,"W",3,3
"NH",2019,"16/11/2018",39,18,30,"W",3,3
"NH",2019,"16/11/2018",39,19,32,"W",3,3
"NH",2019,"16/11/2018",39,20,19,"O",0,0
"NH",2019,"16/11/2018",39,21,29,"O",0,0
"NH",2019,"16/11/2018",39,22,26,"O",0,0
"NH",2019,"16/11/2018",40,1,22,"O",0,0
"NH",2019,"16/11/2018",40,2,28,"O",0,0
"NH",2019,"16/11/2018",40,3,28,"O",0,0
"NH",2019,"16/11/2018",40,4,27,"W",3,3
"NH",2019,"16/11/2018",40,5,35,"W",3,3
"NH",2019,"16/11/2018",40,6,25,"W",3,3
"NH",2019,"16/11/2018",40,7,23,"W",3,3
"NH",2019,"16/11/2018",40,8,35,"C",0,0
"NH",2019,"16/11/2018",40,9,29,"C",0,0
"NH",2019,"16/11/2018",40,10,30,"C",0,0
"NH",2019,"16/11/2018",40,11,12,"C",0,0
"NH",2019,"16/11/2018",40,12,33,"C",0,0
"NH",2019,"16/11/2018",40,13,35,"C",0,0
"NH",2019,"16/11/2018",40,14,22,"C",0,0
"NH",2019,"16/11/2018",40,15,39,"C",0,0
"NH",2019,"16/11/2018",40,16,30,"W",3,3
"NH",2019,"16/11/2018",40,17,30,"W",3,3
"NH",2019,"16/11/2018",40,18,38,"W",3,3
"NH",2019,"16/11/2018",40,19,30,"W",3,3
"NH",2019,"16/11/2018",40,20,30,"O",0,0
"NH",2019,"16/11/2018",40,21,44,"O",0,0
"NH",2019,"16/11/2018",40,22,25,"O",0,0
"NH",2019,"16/11/2018",41,1,15,"O",0,0
"NH",2019,"16/11/2018",41,2,27,"O",0,0
"NH",2019,"16/11/2018",41,3,21,"O",0,0
"NH",2019,"16/11/2018",41,4,25,"W",3,3
"NH",2019,"16/11/2018",41,5,6,"W",3,3
"NH",2019,"16/11/2018",41,6,32,"W",3,3
"NH",2019,"16/11/2018",41,7,30,"W",3,3
"NH",2019,"16/11/2018",41,8,22,"C",0,0
"NH",2019,"16/11/2018",41,9,19,"C",0,0
"NH",2019,"16/11/2018",41,10,25,"C",0,0
"NH",2019,"16/11/2018",41,11,21,"C",0,0
"NH",2019,"16/11/2018",41,12,33,"C",0,0
"NH",2019,"16/11/2018",41,13,11,"C",0,0
"NH",2019,"16/11/2018",41,14,24,"C",0,0
"NH",2019,"16/11/2018",41,15,11,"C",0,0
"NH",2019,"16/11/2018",41,16,30,"W",3,3
"NH",2019,"16/11/2018",41,17,9,"W",3,3
"NH",2019,"16/11/2018",41,18,24,"W",3,3
"NH",2019,"16/11/2018",41,19,22,"W",3,3
"NH",2019,"16/11/2018",41,20,27,"O",0,0
"NH",2019,"16/11/2018",41,21,28,"O",0,0
"NH",2019,"16/11/2018",41,22,33,"O",0,0
"NH",2019,"16/11/2018",42,1,15,"O",0,0
"NH",2019,"16/11/2018",42,2,33,"O",0,0
"NH",2019,"16/11/2018",42,3,36,"O",0,0
"NH",2019,"16/11/2018",42,4,36,"W",3,3
"NH",2019,"16/11/2018",42,5,15,"W",3,3
"NH",2019,"16/11/2018",42,6,27,"W",3,3
"NH",2019,"16/11/2018",42,7,20,"W",3,3
"NH",2019,"16/11/2018",42,8,22,"C",0,0
"NH",2019,"16/11/2018",42,9,38,"C",0,0
"NH",2019,"16/11/2018",42,10,19,"C",0,0
"NH",2019,"16/11/2018",42,11,17,"C",0,0
"NH",2019,"16/11/2018",42,12,19,"C",0,0
"NH",2019,"16/11/2018",42,13,32,"C",0,0
"NH",2019,"16/11/2018",42,14,31,"C",0,0
"NH",2019,"16/11/2018",42,15,15,"C",0,0
"NH",2019,"16/11/2018",42,16,33,"W",3,3
"NH",2019,"16/11/2018",42,17,25,"W",3,3
"NH",2019,"16/11/2018",42,18,25,"W",3,3
"NH",2019,"16/11/2018",42,19,37,"W",3,3
"NH",2019,"16/11/2018",42,20,37,"O",0,0
"NH",2019,"16/11/2018",42,21,26,"O",0,0
"NH",2019,"16/11/2018",42,22,37,"O",0,0
"NH",2019,"16/11/2018",43,1,24,"O",0,1
"NH",2019,"16/11/2018",43,2,35,"O",0,1
"NH",2019,"16/11/2018",43,3,18,"O",0,1
"NH",2019,"16/11/2018",43,4,37,"W",4,4
"NH",2019,"16/11/2018",43,5,13,"W",4,4
"NH",2019,"16/11/2018",43,6,19,"W",4,4
"NH",2019,"16/11/2018",43,7,31,"W",4,4
"NH",2019,"16/11/2018",43,8,24,"C",1,1
"NH",2019,"16/11/2018",43,9,40,"C",1,1
"NH",2019,"16/11/2018",43,10,34,"C",1,0
"NH",2019,"16/11/2018",43,11,12,"C",1,0
"NH",2019,"16/11/2018",43,12,27,"C",1,0
"NH",2019,"16/11/2018",43,13,27,"C",1,0
"NH",2019,"16/11/2018",43,14,26,"C",1,1
"NH",2019,"16/11/2018",43,15,27,"C",1,1
"NH",2019,"16/11/2018",43,16,31,"W",4,4
"NH",2019,"16/11/2018",43,17,27,"W",4,4
"NH",2019,"16/11/2018",43,18,30,"W",4,4
"NH",2019,"16/11/2018",43,19,39,"W",4,4
"NH",2019,"16/11/2018",43,20,37,"O",0,1
"NH",2019,"16/11/2018",43,21,18,"O",0,1
"NH",2019,"16/11/2018",43,22,24,"O",0,1
"NH",2019,"16/11/2018",44,1,23,"O",0,1
"NH",2019,"16/11/2018",44,2,41,"O",0,2
"NH",2019,"16/11/2018",44,3,24,"O",0,2
"NH",2019,"16/11/2018",44,4,30,"W",4,5
"NH",2019,"16/11/2018",44,5,26,"W",4,4
"NH",2019,"16/11/2018",44,6,33,"W",4,4
"NH",2019,"16/11/2018",44,7,31,"W",4,5
"NH",2019,"16/11/2018",44,8,22,"C",1,2
"NH",2019,"16/11/2018",44,9,24,"C",1,2
"NH",2019,"16/11/2018",44,10,38,"C",1,1
"NH",2019,"16/11/2018",44,11,29,"C",1,0
"NH",2019,"16/11/2018",44,12,37,"C",1,0
"NH",2019,"16/11/2018",44,13,23,"C",1,1
"NH",2019,"16/11/2018",44,14,24,"C",1,2
"NH",2019,"16/11/2018",44,15,31,"C",1,2
"NH",2019,"16/11/2018",44,16,34,"W",4,5
"NH",2019,"16/11/2018",44,17,22,"W",4,4
"NH",2019,"16/11/2018",44,18,27,"W",4,4
"NH",2019,"16/11/2018",44,19,26,"W",4,5
"NH",2019,"16/11/2018",44,20,37,"O",0,2
"NH",2019,"16/11/2018",44,21,33,"O",0,2
"NH",2019,"16/11/2018",44,22,31,"O",0,1
"NH",2019,"16/11/2018",45,1,23,"O",0,0
"NH",2019,"16/11/2018",45,2,31,"O",0,0
"NH",2019,"16/11/2018",45,3,27,"O",0,0
"NH",2019,"16/11/2018",45,4,28,"W",3,3
"NH",2019,"16/11/2018",45,5,22,"W",3,3
"NH",2019,"16/11/2018",45,6,28,"W",3,3
"NH",2019,"16/11/2018",45,7,23,"W",3,3
"NH",2019,"16/11/2018",45,8,29,"C",0,0
"NH",2019,"16/11/2018",45,9,16,"C",0,0
"NH",2019,"16/11/2018",45,10,22,"C",0,0
"NH",2019,"16/11/2018",45,11,24,"C",0,0
"NH",2019,"16/11/2018",45,12,30,"C",0,0
"NH",2019,"16/11/2018",45,13,23,"C",0,0
"NH",2019,"16/11/2018",45,14,20,"C",0,0
"NH",2019,"16/11/2018",45,15,33,"C",0,0
"NH",2019,"16/11/2018",45,16,44,"W",3,3
"NH",2019,"16/11/2018",45,17,36,"W",3,3
"NH",2019,"16/11/2018",45,18,33,"W",3,3
"NH",2019,"16/11/2018",45,19,31,"W",3,3
"NH",2019,"16/11/2018",45,20,36,"O",0,0
"NH",2019,"16/11/2018",45,21,27,"O",0,0
"NH",2019,"16/11/2018",45,22,23,"O",0,0
"NH",2019,"16/11/2018",46,1,25,"O",0,0
"NH",2019,"16/11/2018",46,2,43,"O",0,1
"NH",2019,"16/11/2018",46,3,18,"O",0,1
"NH",2019,"16/11/2018",46,4,38,"W",4,4
"NH",2019,"16/11/2018",46,5,28,"W",4,4
"NH",2019,"16/11/2018",46,6,18,"W",4,3
"NH",2019,"16/11/2018",46,7,18,"W",4,3
"NH",2019,"16/11/2018",46,8,29,"C",0,0
"NH",2019,"16/11/2018",46,9,17,"C",0,0
"NH",2019,"16/11/2018",46,10,28,"C",0,0
"NH",2019,"16/11/2018",46,11,10,"C",0,0
"NH",2019,"16/11/2018",46,12,33,"C",0,0
"NH",2019,"16/11/2018",46,13,22,"C",0,0
"NH",2019,"16/11/2018",46,14,25,"C",0,1
"NH",2019,"16/11/2018",46,15,30,"C",0,1
"NH",2019,"16/11/2018",46,16,29,"W",4,4
"NH",2019,"16/11/2018",46,17,10,"W",4,4
"NH",2019,"16/11/2018",46,18,29,"W",4,3
"NH",2019,"16/11/2018",46,19,26,"W",4,3
"NH",2019,"16/11/2018",46,20,32,"O",0,0
"NH",2019,"16/11/2018",46,21,29,"O",0,0
"NH",2019,"16/11/2018",46,22,45,"O",0,0
"NH",2019,"16/11/2018",47,1,22,"O",0,0
"NH",2019,"16/11/2018",47,2,32,"O",0,1
"NH",2019,"16/11/2018",47,3,30,"O",0,1
"NH",2019,"16/11/2018",47,4,30,"W",4,4
"NH",2019,"16/11/2018",47,5,30,"W",4,4
"NH",2019,"16/11/2018",47,6,22,"W",4,3
"NH",2019,"16/11/2018",47,7,33,"W",4,3
"NH",2019,"16/11/2018",47,8,21,"C",0,0
"NH",2019,"16/11/2018",47,9,25,"C",0,0
"NH",2019,"16/11/2018",47,10,19,"C",0,0
"NH",2019,"16/11/2018",47,11,35,"C",0,0
"NH",2019,"16/11/2018",47,12,24,"C",0,0
"NH",2019,"16/11/2018",47,13,22,"C",0,0
"NH",2019,"16/11/2018",47,14,23,"C",0,1
"NH",2019,"16/11/2018",47,15,32,"C",0,1
"NH",2019,"16/11/2018",47,16,20,"W",4,4
"NH",2019,"16/11/2018",47,17,35,"W",4,4
"NH",2019,"16/11/2018",47,18,24,"W",4,3
"NH",2019,"16/11/2018",47,19,25,"W",4,3
"NH",2019,"16/11/2018",47,20,26,"O",0,0
"NH",2019,"16/11/2018",47,21,35,"O",0,0
"NH",2019,"16/11/2018",47,22,23,"O",0,0
"NH",2019,"16/11/2018",48,1,29,"O",0,1
"NH",2019,"16/11/2018",48,2,30,"O",0,1
"NH",2019,"16/11/2018",48,3,27,"O",0,1
"NH",2019,"16/11/2018",48,4,33,"W",4,4
"NH",2019,"16/11/2018",48,5,29,"W",4,4
"NH",2019,"16/11/2018",48,6,34,"W",4,4
"NH",2019,"16/11/2018",48,7,23,"W",4,4
"NH",2019,"16/11/2018",48,8,27,"C",1,1
"NH",2019,"16/11/2018",48,9,20,"C",1,1
"NH",2019,"16/11/2018",48,10,21,"C",1,0
"NH",2019,"16/11/2018",48,11,21,"C",1,0
"NH",2019,"16/11/2018",48,12,20,"C",1,0
"NH",2019,"16/11/2018",48,13,24,"C",1,0
"NH",2019,"16/11/2018",48,14,31,"C",1,1
"NH",2019,"16/11/2018",48,15,17,"C",1,1
"NH",2019,"16/11/2018",48,16,36,"W",4,4
"NH",2019,"16/11/2018",48,17,25,"W",4,4
"NH",2019,"16/11/2018",48,18,17,"W",4,4
"NH",2019,"16/11/2018",48,19,39,"W",4,4
"NH",2019,"16/11/2018",48,20,48,"O",0,1
"NH",2019,"16/11/2018",48,21,39,"O",0,1
"NH",2019,"16/11/2018",48,22,46,"O",0,1
"NH",2019,"16/11/2018",49,1,24,"O",0,0
"NH",2019,"16/11/2018",49,2,32,"O",0,0
"NH",2019,"16/11/2018",49,3,19,"O",0,0
"NH",2019,"16/11/2018",49,4,24,"W",3,3
"NH",2019,"16/11/2018",49,5,31,"W",3,3
"NH",2019,"16/11/2018",49,6,28,"W",3,3
"NH",2019,"16/11/2018",49,7,26,"W",3,3
"NH",2019,"16/11/2018",49,8,21,"C",0,0
"NH",2019,"16/11/2018",49,9,22,"C",0,0
"NH",2019,"16/11/2018",49,10,23,"C",0,0
"NH",2019,"16/11/2018",49,11,32,"C",0,0
"NH",2019,"16/11/2018",49,12,28,"C",0,0
"NH",2019,"16/11/2018",49,13,24,"C",0,0
"NH",2019,"16/11/2018",49,14,27,"C",0,0
"NH",2019,"16/11/2018",49,15,12,"C",0,0
"NH",2019,"16/11/2018",49,16,27,"W",3,3
"NH",2019,"16/11/2018",49,17,31,"W",3,3
"NH",2019,"16/11/2018",49,18,25,"W",3,3
"NH",2019,"16/11/2018",49,19,27,"W",3,3
"NH",2019,"16/11/2018",49,20,23,"O",0,0
"NH",2019,"16/11/2018",49,21,36,"O",0,0
"NH",2019,"16/11/2018",49,22,23,"O",0,0
"NH",2019,"16/11/2018",50,1,16,"O",0,0
"NH",2019,"16/11/2018",50,2,29,"O",0,0
"NH",2019,"16/11/2018",50,3,23,"O",0,0
"NH",2019,"16/11/2018",50,4,36,"W",3,3
"NH",2019,"16/11/2018",50,5,27,"W",3,3
"NH",2019,"16/11/2018",50,6,31,"W",3,3
"NH",2019,"16/11/2018",50,7,29,"W",3,3
"NH",2019,"16/11/2018",50,8,24,"C",0,0
"NH",2019,"16/11/2018",50,9,22,"C",0,0
"NH",2019,"16/11/2018",50,10,33,"C",0,0
"NH",2019,"16/11/2018",50,11,27,"C",0,0
"NH",2019,"16/11/2018",50,12,27,"C",0,0
"NH",2019,"16/11/2018",50,13,20,"C",0,0
"NH",2019,"16/11/2018",50,14,23,"C",0,0
"NH",2019,"16/11/2018",50,15,30,"C",0,0
"NH",2019,"16/11/2018",50,16,27,"W",3,3
"NH",2019,"16/11/2018",50,17,19,"W",3,3
"NH",2019,"16/11/2018",50,18,31,"W",3,3
"NH",2019,"16/11/2018",50,19,32,"W",3,3
"NH",2019,"16/11/2018",50,20,27,"O",0,0
"NH",2019,"16/11/2018",50,21,29,"O",0,0
"NH",2019,"16/11/2018",50,22,40,"O",0,0
"NH",2019,"16/11/2018",51,1,14,"O",0,1
"NH",2019,"16/11/2018",51,2,24,"O",0,2
"NH",2019,"16/11/2018",51,3,28,"O",0,2
"NH",2019,"16/11/2018",51,4,20,"W",4,5
"NH",2019,"16/11/2018",51,5,27,"W",4,4
"NH",2019,"16/11/2018",51,6,27,"W",4,4
"NH",2019,"16/11/2018",51,7,21,"W",4,5
"NH",2019,"16/11/2018",51,8,27,"C",1,2
"NH",2019,"16/11/2018",51,9,33,"C",1,2
"NH",2019,"16/11/2018",51,10,29,"C",1,1
"NH",2019,"16/11/2018",51,11,12,"C",1,0
"NH",2019,"16/11/2018",51,12,29,"C",1,0
"NH",2019,"16/11/2018",51,13,31,"C",1,1
"NH",2019,"16/11/2018",51,14,33,"C",1,2
"NH",2019,"16/11/2018",51,15,38,"C",1,2
"NH",2019,"16/11/2018",51,16,35,"W",4,5
"NH",2019,"16/11/2018",51,17,36,"W",4,4
"NH",2019,"16/11/2018",51,18,33,"W",4,4
"NH",2019,"16/11/2018",51,19,34,"W",4,5
"NH",2019,"16/11/2018",51,20,49,"O",0,2
"NH",2019,"16/11/2018",51,21,32,"O",0,2
"NH",2019,"16/11/2018",51,22,24,"O",0,1
"NH",2021,"20/11/2020",2,1,8,"O",0,0
"NH",2021,"20/11/2020",2,2,11,"O",0,0
"NH",2021,"20/11/2020",2,3,2,"O",0,0
"NH",2021,"20/11/2020",2,4,0,"W",3,3
"NH",2021,"20/11/2020",2,5,1,"W",3,3
"NH",2021,"20/11/2020",2,6,2,"W",3,3
"NH",2021,"20/11/2020",2,7,3,"W",3,3
"NH",2021,"20/11/2020",2,8,2,"C",0,0
"NH",2021,"20/11/2020",2,9,2,"C",0,0
"NH",2021,"20/11/2020",2,10,1,"C",0,0
"NH",2021,"20/11/2020",2,11,3,"C",0,0
"NH",2021,"20/11/2020",2,12,1,"C",0,0
"NH",2021,"20/11/2020",2,13,10,"C",0,0
"NH",2021,"20/11/2020",2,14,2,"C",0,0
"NH",2021,"20/11/2020",2,15,0,"C",0,0
"NH",2021,"20/11/2020",2,16,0,"W",3,3
"NH",2021,"20/11/2020",2,17,0,"W",3,3
"NH",2021,"20/11/2020",2,18,2,"W",3,3
"NH",2021,"20/11/2020",2,19,4,"W",3,3
"NH",2021,"20/11/2020",2,20,1,"O",0,0
"NH",2021,"20/11/2020",2,21,14,"O",0,0
"NH",2021,"20/11/2020",2,22,11,"O",0,0
"NH",2021,"20/11/2020",3,1,6,"O",0,1
"NH",2021,"20/11/2020",3,2,5,"O",0,1
"NH",2021,"20/11/2020",3,3,0,"O",0,1
"NH",2021,"20/11/2020",3,4,0,"W",4,4
"NH",2021,"20/11/2020",3,5,0,"W",4,4
"NH",2021,"20/11/2020",3,6,1,"W",4,4
"NH",2021,"20/11/2020",3,7,1,"W",4,4
"NH",2021,"20/11/2020",3,8,1,"C",1,1
"NH",2021,"20/11/2020",3,9,2,"C",1,1
"NH",2021,"20/11/2020",3,10,0,"C",1,0
"NH",2021,"20/11/2020",3,11,1,"C",1,0
"NH",2021,"20/11/2020",3,12,0,"C",1,0
"NH",2021,"20/11/2020",3,13,6,"C",1,0
"NH",2021,"20/11/2020",3,14,5,"C",1,1
"NH",2021,"20/11/2020",3,15,2,"C",1,1
"NH",2021,"20/11/2020",3,16,0,"W",4,4
"NH",2021,"20/11/2020",3,17,1,"W",4,4
"NH",2021,"20/11/2020",3,18,0,"W",4,4
"NH",2021,"20/11/2020",3,19,3,"W",4,4
"NH",2021,"20/11/2020",3,20,0,"O",0,1
"NH",2021,"20/11/2020",3,21,10,"O",0,1
"NH",2021,"20/11/2020",3,22,9,"O",0,1
"NH",2021,"20/11/2020",4,1,24,"O",0,0
"NH",2021,"20/11/2020",4,2,17,"O",0,0
"NH",2021,"20/11/2020",4,3,15,"O",0,0
"NH",2021,"20/11/2020",4,4,7,"W",3,3
"NH",2021,"20/11/2020",4,5,7,"W",3,3
"NH",2021,"20/11/2020",4,6,0,"W",3,3
"NH",2021,"20/11/2020",4,7,5,"W",3,3
"NH",2021,"20/11/2020",4,8,13,"C",0,0
"NH",2021,"20/11/2020",4,9,9,"C",0,0
"NH",2021,"20/11/2020",4,10,11,"C",0,0
"NH",2021,"20/11/2020",4,11,16,"C",0,0
"NH",2021,"20/11/2020",4,12,10,"C",0,0
"NH",2021,"20/11/2020",4,13,12,"C",0,0
"NH",2021,"20/11/2020",4,14,8,"C",0,0
"NH",2021,"20/11/2020",4,15,10,"C",0,0
"NH",2021,"20/11/2020",4,16,8,"W",3,3
"NH",2021,"20/11/2020",4,17,15,"W",3,3
"NH",2021,"20/11/2020",4,18,6,"W",3,3
"NH",2021,"20/11/2020",4,19,13,"W",3,3
"NH",2021,"20/11/2020",4,20,13,"O",0,0
"NH",2021,"20/11/2020",4,21,11,"O",0,0
"NH",2021,"20/11/2020",4,22,8,"O",0,0
"NH",2021,"20/11/2020",5,1,8,"O",0,1
"NH",2021,"20/11/2020",5,2,0,"O",0,1
"NH",2021,"20/11/2020",5,3,5,"O",0,1
"NH",2021,"20/11/2020",5,4,2,"W",4,4
"NH",2021,"20/11/2020",5,5,1,"W",4,4
"NH",2021,"20/11/2020",5,6,0,"W",4,4
"NH",2021,"20/11/2020",5,7,4,"W",4,4
"NH",2021,"20/11/2020",5,8,1,"C",1,1
"NH",2021,"20/11/2020",5,9,5,"C",1,1
"NH",2021,"20/11/2020",5,10,1,"C",1,0
"NH",2021,"20/11/2020",5,11,2,"C",1,0
"NH",2021,"20/11/2020",5,12,5,"C",1,0
"NH",2021,"20/11/2020",5,13,14,"C",1,0
"NH",2021,"20/11/2020",5,14,8,"C",1,1
"NH",2021,"20/11/2020",5,15,11,"C",1,1
"NH",2021,"20/11/2020",5,16,2,"W",4,4
"NH",2021,"20/11/2020",5,17,12,"W",4,4
"NH",2021,"20/11/2020",5,18,9,"W",4,4
"NH",2021,"20/11/2020",5,19,11,"W",4,4
"NH",2021,"20/11/2020",5,20,11,"O",0,1
"NH",2021,"20/11/2020",5,21,6,"O",0,1
"NH",2021,"20/11/2020",5,22,4,"O",0,1
"NH",2021,"20/11/2020",6,1,6,"O",0,0
"NH",2021,"20/11/2020",6,2,7,"O",0,1
"NH",2021,"20/11/2020",6,3,5,"O",0,1
"NH",2021,"20/11/2020",6,4,0,"W",4,4
"NH",2021,"20/11/2020",6,5,1,"W",4,4
"NH",2021,"20/11/2020",6,6,0,"W",4,3
"NH",2021,"20/11/2020",6,7,5,"W",4,3
"NH",2021,"20/11/2020",6,8,3,"C",0,0
"NH",2021,"20/11/2020",6,9,7,"C",0,0
"NH",2021,"20/11/2020",6,10,2,"C",0,0
"NH",2021,"20/11/2020",6,11,1,"C",0,0
"NH",2021,"20/11/2020",6,12,7,"C",0,0
"NH",2021,"20/11/2020",6,13,9,"C",0,0
"NH",2021,"20/11/2020",6,14,3,"C",0,1
"NH",2021,"20/11/2020",6,15,11,"C",0,1
"NH",2021,"20/11/2020",6,16,0,"W",4,4
"NH",2021,"20/11/2020",6,17,0,"W",4,4
"NH",2021,"20/11/2020",6,18,2,"W",4,3
"NH",2021,"20/11/2020",6,19,14,"W",4,3
"NH",2021,"20/11/2020",6,20,10,"O",0,0
"NH",2021,"20/11/2020",6,21,11,"O",0,0
"NH",2021,"20/11/2020",6,22,16,"O",0,0
"NH",2021,"20/11/2020",7,1,17,"O",0,0
"NH",2021,"20/11/2020",7,2,9,"O",0,0
"NH",2021,"20/11/2020",7,3,23,"O",0,0
"NH",2021,"20/11/2020",7,4,11,"W",3,3
"NH",2021,"20/11/2020",7,5,10,"W",3,3
"NH",2021,"20/11/2020",7,6,4,"W",3,3
"NH",2021,"20/11/2020",7,7,2,"W",3,3
"NH",2021,"20/11/2020",7,8,4,"C",0,0
"NH",2021,"20/11/2020",7,9,10,"C",0,0
"NH",2021,"20/11/2020",7,10,10,"C",0,0
"NH",2021,"20/11/2020",7,11,21,"C",0,0
"NH",2021,"20/11/2020",7,12,18,"C",0,0
"NH",2021,"20/11/2020",7,13,9,"C",0,0
"NH",2021,"20/11/2020",7,14,16,"C",0,0
"NH",2021,"20/11/2020",7,15,10,"C",0,0
"NH",2021,"20/11/2020",7,16,5,"W",3,3
"NH",2021,"20/11/2020",7,17,6,"W",3,3
"NH",2021,"20/11/2020",7,18,5,"W",3,3
"NH",2021,"20/11/2020",7,19,9,"W",3,3
"NH",2021,"20/11/2020",7,20,12,"O",0,0
"NH",2021,"20/11/2020",7,21,11,"O",0,0
"NH",2021,"20/11/2020",7,22,12,"O",0,0
"NH",2021,"20/11/2020",8,1,8,"O",0,1
"NH",2021,"20/11/2020",8,2,12,"O",0,2
"NH",2021,"20/11/2020",8,3,13,"O",0,2
"NH",2021,"20/11/2020",8,4,6,"W",4,5
"NH",2021,"20/11/2020",8,5,0,"W",4,4
"NH",2021,"20/11/2020",8,6,2,"W",4,4
"NH",2021,"20/11/2020",8,7,2,"W",4,5
"NH",2021,"20/11/2020",8,8,2,"C",1,2
"NH",2021,"20/11/2020",8,9,5,"C",1,2
"NH",2021,"20/11/2020",8,10,9,"C",1,1
"NH",2021,"20/11/2020",8,11,2,"C",1,0
"NH",2021,"20/11/2020",8,12,4,"C",1,0
"NH",2021,"20/11/2020",8,13,1,"C",1,1
"NH",2021,"20/11/2020",8,14,13,"C",1,2
"NH",2021,"20/11/2020",8,15,0,"C",1,2
"NH",2021,"20/11/2020",8,16,1,"W",4,5
"NH",2021,"20/11/2020",8,17,0,"W",4,4
"NH",2021,"20/11/2020",8,18,1,"W",4,4
"NH",2021,"20/11/2020",8,19,0,"W",4,5
"NH",2021,"20/11/2020",8,20,8,"O",0,2
"NH",2021,"20/11/2020",8,21,3,"O",0,2
"NH",2021,"20/11/2020",8,22,12,"O",0,1
"NH",2021,"20/11/2020",9,1,13,"O",0,1
"NH",2021,"20/11/2020",9,2,15,"O",0,2
"NH",2021,"20/11/2020",9,3,16,"O",0,2
"NH",2021,"20/11/2020",9,4,15,"W",4,5
"NH",2021,"20/11/2020",9,5,13,"W",4,4
"NH",2021,"20/11/2020",9,6,11,"W",4,4
"NH",2021,"20/11/2020",9,7,8,"W",4,5
"NH",2021,"20/11/2020",9,8,17,"C",1,2
"NH",2021,"20/11/2020",9,9,12,"C",1,2
"NH",2021,"20/11/2020",9,10,15,"C",1,1
"NH",2021,"20/11/2020",9,11,25,"C",1,0
"NH",2021,"20/11/2020",9,12,11,"C",1,0
"NH",2021,"20/11/2020",9,13,22,"C",1,1
"NH",2021,"20/11/2020",9,14,8,"C",1,2
"NH",2021,"20/11/2020",9,15,2,"C",1,2
"NH",2021,"20/11/2020",9,16,1,"W",4,5
"NH",2021,"20/11/2020",9,17,1,"W",4,4
"NH",2021,"20/11/2020",9,18,2,"W",4,4
"NH",2021,"20/11/2020",9,19,4,"W",4,5
"NH",2021,"20/11/2020",9,20,10,"O",0,2
"NH",2021,"20/11/2020",9,21,20,"O",0,2
"NH",2021,"20/11/2020",9,22,22,"O",0,1
"NH",2021,"20/11/2020",10,1,13,"O",0,0
"NH",2021,"20/11/2020",10,2,12,"O",0,0
"NH",2021,"20/11/2020",10,3,8,"O",0,0
"NH",2021,"20/11/2020",10,4,6,"W",3,3
"NH",2021,"20/11/2020",10,5,1,"W",3,3
"NH",2021,"20/11/2020",10,6,2,"W",3,3
"NH",2021,"20/11/2020",10,7,6,"W",3,3
"NH",2021,"20/11/2020",10,8,12,"C",0,0
"NH",2021,"20/11/2020",10,9,13,"C",0,0
"NH",2021,"20/11/2020",10,10,8,"C",0,0
"NH",2021,"20/11/2020",10,11,13,"C",0,0
"NH",2021,"20/11/2020",10,12,15,"C",0,0
"NH",2021,"20/11/2020",10,13,11,"C",0,0
"NH",2021,"20/11/2020",10,14,12,"C",0,0
"NH",2021,"20/11/2020",10,15,7,"C",0,0
"NH",2021,"20/11/2020",10,16,6,"W",3,3
"NH",2021,"20/11/2020",10,17,0,"W",3,3
"NH",2021,"20/11/2020",10,18,1,"W",3,3
"NH",2021,"20/11/2020",10,19,1,"W",3,3
"NH",2021,"20/11/2020",10,20,12,"O",0,0
"NH",2021,"20/11/2020",10,21,9,"O",0,0
"NH",2021,"20/11/2020",10,22,8,"O",0,0
"NH",2021,"20/11/2020",11,1,13,"O",0,0
"NH",2021,"20/11/2020",11,2,15,"O",0,0
"NH",2021,"20/11/2020",11,3,22,"O",0,0
"NH",2021,"20/11/2020",11,4,11,"W",3,3
"NH",2021,"20/11/2020",11,5,8,"W",3,3
"NH",2021,"20/11/2020",11,6,9,"W",3,3
"NH",2021,"20/11/2020",11,7,4,"W",3,3
"NH",2021,"20/11/2020",11,8,11,"C",0,0
"NH",2021,"20/11/2020",11,9,15,"C",0,0
"NH",2021,"20/11/2020",11,10,12,"C",0,0
"NH",2021,"20/11/2020",11,11,19,"C",0,0
"NH",2021,"20/11/2020",11,12,7,"C",0,0
"NH",2021,"20/11/2020",11,13,3,"C",0,0
"NH",2021,"20/11/2020",11,14,7,"C",0,0
"NH",2021,"20/11/2020",11,15,4,"C",0,0
"NH",2021,"20/11/2020",11,16,4,"W",3,3
"NH",2021,"20/11/2020",11,17,0,"W",3,3
"NH",2021,"20/11/2020",11,18,8,"W",3,3
"NH",2021,"20/11/2020",11,19,10,"W",3,3
"NH",2021,"20/11/2020",11,20,24,"O",0,0
"NH",2021,"20/11/2020",11,21,11,"O",0,0
"NH",2021,"20/11/2020",11,22,15,"O",0,0
"NH",2021,"20/11/2020",12,1,13,"O",0,0
"NH",2021,"20/11/2020",12,2,13,"O",0,1
"NH",2021,"20/11/2020",12,3,10,"O",0,1
"NH",2021,"20/11/2020",12,4,6,"W",4,4
"NH",2021,"20/11/2020",12,5,6,"W",4,4
"NH",2021,"20/11/2020",12,6,10,"W",4,3
"NH",2021,"20/11/2020",12,7,1,"W",4,3
"NH",2021,"20/11/2020",12,8,11,"C",0,0
"NH",2021,"20/11/2020",12,9,4,"C",0,0
"NH",2021,"20/11/2020",12,10,9,"C",0,0
"NH",2021,"20/11/2020",12,11,9,"C",0,0
"NH",2021,"20/11/2020",12,12,10,"C",0,0
"NH",2021,"20/11/2020",12,13,13,"C",0,0
"NH",2021,"20/11/2020",12,14,12,"C",0,1
"NH",2021,"20/11/2020",12,15,6,"C",0,1
"NH",2021,"20/11/2020",12,16,4,"W",4,4
"NH",2021,"20/11/2020",12,17,3,"W",4,4
"NH",2021,"20/11/2020",12,18,5,"W",4,3
"NH",2021,"20/11/2020",12,19,3,"W",4,3
"NH",2021,"20/11/2020",12,20,9,"O",0,0
"NH",2021,"20/11/2020",12,21,10,"O",0,0
"NH",2021,"20/11/2020",12,22,11,"O",0,0
"NH",2021,"20/11/2020",13,1,13,"O",0,0
"NH",2021,"20/11/2020",13,2,18,"O",0,0
"NH",2021,"20/11/2020",13,3,12,"O",0,0
"NH",2021,"20/11/2020",13,4,6,"W",3,3
"NH",2021,"20/11/2020",13,5,1,"W",3,3
"NH",2021,"20/11/2020",13,6,0,"W",3,3
"NH",2021,"20/11/2020",13,7,1,"W",3,3
"NH",2021,"20/11/2020",13,8,6,"C",0,0
"NH",2021,"20/11/2020",13,9,6,"C",0,0
"NH",2021,"20/11/2020",13,10,8,"C",0,0
"NH",2021,"20/11/2020",13,11,20,"C",0,0
"NH",2021,"20/11/2020",13,12,17,"C",0,0
"NH",2021,"20/11/2020",13,13,14,"C",0,0
"NH",2021,"20/11/2020",13,14,18,"C",0,0
"NH",2021,"20/11/2020",13,15,10,"C",0,0
"NH",2021,"20/11/2020",13,16,15,"W",3,3
"NH",2021,"20/11/2020",13,17,1,"W",3,3
"NH",2021,"20/11/2020",13,18,2,"W",3,3
"NH",2021,"20/11/2020",13,19,3,"W",3,3
"NH",2021,"20/11/2020",13,20,9,"O",0,0
"NH",2021,"20/11/2020",13,21,7,"O",0,0
"NH",2021,"20/11/2020",13,22,10,"O",0,0
"NH",2021,"20/11/2020",15,1,13,"O",0,1
"NH",2021,"20/11/2020",15,2,12,"O",0,1
"NH",2021,"20/11/2020",15,3,13,"O",0,1
"NH",2021,"20/11/2020",15,4,14,"W",4,4
"NH",2021,"20/11/2020",15,5,3,"W",4,4
"NH",2021,"20/11/2020",15,6,4,"W",4,4
"NH",2021,"20/11/2020",15,7,2,"W",4,4
"NH",2021,"20/11/2020",15,8,7,"C",1,1
"NH",2021,"20/11/2020",15,9,15,"C",1,1
"NH",2021,"20/11/2020",15,10,6,"C",1,0
"NH",2021,"20/11/2020",15,11,13,"C",1,0
"NH",2021,"20/11/2020",15,12,4,"C",1,0
"NH",2021,"20/11/2020",15,13,3,"C",1,0
"NH",2021,"20/11/2020",15,14,6,"C",1,1
"NH",2021,"20/11/2020",15,15,2,"C",1,1
"NH",2021,"20/11/2020",15,16,8,"W",4,4
"NH",2021,"20/11/2020",15,17,1,"W",4,4
"NH",2021,"20/11/2020",15,18,0,"W",4,4
"NH",2021,"20/11/2020",15,19,1,"W",4,4
"NH",2021,"20/11/2020",15,20,16,"O",0,1
"NH",2021,"20/11/2020",15,21,11,"O",0,1
"NH",2021,"20/11/2020",15,22,6,"O",0,1
"NH",2021,"20/11/2020",16,1,1,"O",0,1
"NH",2021,"20/11/2020",16,2,0,"O",0,1
"NH",2021,"20/11/2020",16,3,1,"O",0,1
"NH",2021,"20/11/2020",16,4,0,"W",4,4
"NH",2021,"20/11/2020",16,5,0,"W",4,4
"NH",2021,"20/11/2020",16,6,0,"W",4,4
"NH",2021,"20/11/2020",16,7,1,"W",4,4
"NH",2021,"20/11/2020",16,8,2,"C",1,1
"NH",2021,"20/11/2020",16,9,0,"C",1,1
"NH",2021,"20/11/2020",16,10,0,"C",1,0
"NH",2021,"20/11/2020",16,11,2,"C",1,0
"NH",2021,"20/11/2020",16,12,5,"C",1,0
"NH",2021,"20/11/2020",16,13,8,"C",1,0
"NH",2021,"20/11/2020",16,14,15,"C",1,1
"NH",2021,"20/11/2020",16,15,11,"C",1,1
"NH",2021,"20/11/2020",16,16,4,"W",4,4
"NH",2021,"20/11/2020",16,17,10,"W",4,4
"NH",2021,"20/11/2020",16,18,6,"W",4,4
"NH",2021,"20/11/2020",16,19,13,"W",4,4
"NH",2021,"20/11/2020",16,20,11,"O",0,1
"NH",2021,"20/11/2020",16,21,11,"O",0,1
"NH",2021,"20/11/2020",16,22,11,"O",0,1
"NH",2021,"20/11/2020",17,1,2,"O",0,0
"NH",2021,"20/11/2020",17,2,0,"O",0,0
"NH",2021,"20/11/2020",17,3,0,"O",0,0
"NH",2021,"20/11/2020",17,4,1,"W",3,3
"NH",2021,"20/11/2020",17,5,1,"W",3,3
"NH",2021,"20/11/2020",17,6,0,"W",3,3
"NH",2021,"20/11/2020",17,7,6,"W",3,3
"NH",2021,"20/11/2020",17,8,0,"C",0,0
"NH",2021,"20/11/2020",17,9,2,"C",0,0
"NH",2021,"20/11/2020",17,10,0,"C",0,0
"NH",2021,"20/11/2020",17,11,5,"C",0,0
"NH",2021,"20/11/2020",17,12,4,"C",0,0
"NH",2021,"20/11/2020",17,13,16,"C",0,0
"NH",2021,"20/11/2020",17,14,11,"C",0,0
"NH",2021,"20/11/2020",17,15,13,"C",0,0
"NH",2021,"20/11/2020",17,16,5,"W",3,3
"NH",2021,"20/11/2020",17,17,0,"W",3,3
"NH",2021,"20/11/2020",17,18,1,"W",3,3
"NH",2021,"20/11/2020",17,19,5,"W",3,3
"NH",2021,"20/11/2020",17,20,4,"O",0,0
"NH",2021,"20/11/2020",17,21,10,"O",0,0
"NH",2021,"20/11/2020",17,22,14,"O",0,0
"NH",2021,"20/11/2020",18,1,22,"O",0,0
"NH",2021,"20/11/2020",18,2,11,"O",0,0
"NH",2021,"20/11/2020",18,3,9,"O",0,0
"NH",2021,"20/11/2020",18,4,0,"W",3,3
"NH",2021,"20/11/2020",18,5,0,"W",3,3
"NH",2021,"20/11/2020",18,6,2,"W",3,3
"NH",2021,"20/11/2020",18,7,11,"W",3,3
"NH",2021,"20/11/2020",18,8,8,"C",0,0
"NH",2021,"20/11/2020",18,9,6,"C",0,0
"NH",2021,"20/11/2020",18,10,6,"C",0,0
"NH",2021,"20/11/2020",18,11,6,"C",0,0
"NH",2021,"20/11/2020",18,12,12,"C",0,0
"NH",2021,"20/11/2020",18,13,9,"C",0,0
"NH",2021,"20/11/2020",18,14,4,"C",0,0
"NH",2021,"20/11/2020",18,15,12,"C",0,0
"NH",2021,"20/11/2020",18,16,1,"W",3,3
"NH",2021,"20/11/2020",18,17,0,"W",3,3
"NH",2021,"20/11/2020",18,18,2,"W",3,3
"NH",2021,"20/11/2020",18,19,1,"W",3,3
"NH",2021,"20/11/2020",18,20,4,"O",0,0
"NH",2021,"20/11/2020",18,21,11,"O",0,0
"NH",2021,"20/11/2020",18,22,16,"O",0,0
"NH",2021,"20/11/2020",19,1,9,"O",0,0
"NH",2021,"20/11/2020",19,2,15,"O",0,0
"NH",2021,"20/11/2020",19,3,13,"O",0,0
"NH",2021,"20/11/2020",19,4,11,"W",3,3
"NH",2021,"20/11/2020",19,5,1,"W",3,3
"NH",2021,"20/11/2020",19,6,1,"W",3,3
"NH",2021,"20/11/2020",19,7,14,"W",3,3
"NH",2021,"20/11/2020",19,8,8,"C",0,0
"NH",2021,"20/11/2020",19,9,9,"C",0,0
"NH",2021,"20/11/2020",19,10,5,"C",0,0
"NH",2021,"20/11/2020",19,11,9,"C",0,0
"NH",2021,"20/11/2020",19,12,2,"C",0,0
"NH",2021,"20/11/2020",19,13,6,"C",0,0
"NH",2021,"20/11/2020",19,14,6,"C",0,0
"NH",2021,"20/11/2020",19,15,3,"C",0,0
"NH",2021,"20/11/2020",19,16,0,"W",3,3
"NH",2021,"20/11/2020",19,17,0,"W",3,3
"NH",2021,"20/11/2020",19,18,1,"W",3,3
"NH",2021,"20/11/2020",19,19,15,"W",3,3
"NH",2021,"20/11/2020",19,20,12,"O",0,0
"NH",2021,"20/11/2020",19,21,8,"O",0,0
"NH",2021,"20/11/2020",19,22,15,"O",0,0
"NH",2021,"20/11/2020",20,1,10,"O",0,0
"NH",2021,"20/11/2020",20,2,6,"O",0,0
"NH",2021,"20/11/2020",20,3,5,"O",0,0
"NH",2021,"20/11/2020",20,4,3,"W",3,3
"NH",2021,"20/11/2020",20,5,3,"W",3,3
"NH",2021,"20/11/2020",20,6,6,"W",3,3
"NH",2021,"20/11/2020",20,7,1,"W",3,3
"NH",2021,"20/11/2020",20,8,1,"C",0,0
"NH",2021,"20/11/2020",20,9,0,"C",0,0
"NH",2021,"20/11/2020",20,10,0,"C",0,0
"NH",2021,"20/11/2020",20,11,2,"C",0,0
"NH",2021,"20/11/2020",20,12,1,"C",0,0
"NH",2021,"20/11/2020",20,13,10,"C",0,0
"NH",2021,"20/11/2020",20,14,2,"C",0,0
"NH",2021,"20/11/2020",20,15,7,"C",0,0
"NH",2021,"20/11/2020",20,16,2,"W",3,3
"NH",2021,"20/11/2020",20,17,0,"W",3,3
"NH",2021,"20/11/2020",20,18,1,"W",3,3
"NH",2021,"20/11/2020",20,19,7,"W",3,3
"NH",2021,"20/11/2020",20,20,12,"O",0,0
"NH",2021,"20/11/2020",20,21,10,"O",0,0
"NH",2021,"20/11/2020",20,22,9,"O",0,0
"NH",2021,"20/11/2020",21,1,9,"O",0,1
"NH",2021,"20/11/2020",21,2,10,"O",0,2
"NH",2021,"20/11/2020",21,3,20,"O",0,2
"NH",2021,"20/11/2020",21,4,9,"W",4,5
"NH",2021,"20/11/2020",21,5,13,"W",4,4
"NH",2021,"20/11/2020",21,6,11,"W",4,4
"NH",2021,"20/11/2020",21,7,13,"W",4,5
"NH",2021,"20/11/2020",21,8,9,"C",1,2
"NH",2021,"20/11/2020",21,9,14,"C",1,2
"NH",2021,"20/11/2020",21,10,7,"C",1,1
"NH",2021,"20/11/2020",21,11,5,"C",1,0
"NH",2021,"20/11/2020",21,12,14,"C",1,0
"NH",2021,"20/11/2020",21,13,12,"C",1,1
"NH",2021,"20/11/2020",21,14,10,"C",1,2
"NH",2021,"20/11/2020",21,15,7,"C",1,2
"NH",2021,"20/11/2020",21,16,5,"W",4,5
"NH",2021,"20/11/2020",21,17,0,"W",4,4
"NH",2021,"20/11/2020",21,18,3,"W",4,4
"NH",2021,"20/11/2020",21,19,10,"W",4,5
"NH",2021,"20/11/2020",21,20,7,"O",0,2
"NH",2021,"20/11/2020",21,21,9,"O",0,2
"NH",2021,"20/11/2020",21,22,4,"O",0,1
"NH",2021,"20/11/2020",22,1,6,"O",0,0
"NH",2021,"20/11/2020",22,2,5,"O",0,0
"NH",2021,"20/11/2020",22,3,5,"O",0,0
"NH",2021,"20/11/2020",22,4,0,"W",3,3
"NH",2021,"20/11/2020",22,5,5,"W",3,3
"NH",2021,"20/11/2020",22,6,2,"W",3,3
"NH",2021,"20/11/2020",22,7,6,"W",3,3
"NH",2021,"20/11/2020",22,8,1,"C",0,0
"NH",2021,"20/11/2020",22,9,0,"C",0,0
"NH",2021,"20/11/2020",22,10,3,"C",0,0
"NH",2021,"20/11/2020",22,11,8,"C",0,0
"NH",2021,"20/11/2020",22,12,9,"C",0,0
"NH",2021,"20/11/2020",22,13,16,"C",0,0
"NH",2021,"20/11/2020",22,14,16,"C",0,0
"NH",2021,"20/11/2020",22,15,13,"C",0,0
"NH",2021,"20/11/2020",22,16,7,"W",3,3
"NH",2021,"20/11/2020",22,17,5,"W",3,3
"NH",2021,"20/11/2020",22,18,4,"W",3,3
"NH",2021,"20/11/2020",22,19,14,"W",3,3
"NH",2021,"20/11/2020",22,20,12,"O",0,0
"NH",2021,"20/11/2020",22,21,19,"O",0,0
"NH",2021,"20/11/2020",22,22,8,"O",0,0
"NH",2021,"20/11/2020",23,1,6,"O",0,0
"NH",2021,"20/11/2020",23,2,14,"O",0,0
"NH",2021,"20/11/2020",23,3,9,"O",0,0
"NH",2021,"20/11/2020",23,4,6,"W",3,3
"NH",2021,"20/11/2020",23,5,5,"W",3,3
"NH",2021,"20/11/2020",23,6,3,"W",3,3
"NH",2021,"20/11/2020",23,7,11,"W",3,3
"NH",2021,"20/11/2020",23,8,7,"C",0,0
"NH",2021,"20/11/2020",23,9,13,"C",0,0
"NH",2021,"20/11/2020",23,10,6,"C",0,0
"NH",2021,"20/11/2020",23,11,18,"C",0,0
"NH",2021,"20/11/2020",23,12,10,"C",0,0
"NH",2021,"20/11/2020",23,13,6,"C",0,0
"NH",2021,"20/11/2020",23,14,7,"C",0,0
"NH",2021,"20/11/2020",23,15,5,"C",0,0
"NH",2021,"20/11/2020",23,16,0,"W",3,3
"NH",2021,"20/11/2020",23,17,1,"W",3,3
"NH",2021,"20/11/2020",23,18,1,"W",3,3
"NH",2021,"20/11/2020",23,19,16,"W",3,3
"NH",2021,"20/11/2020",23,20,11,"O",0,0
"NH",2021,"20/11/2020",23,21,16,"O",0,0
"NH",2021,"20/11/2020",23,22,17,"O",0,0
"NH",2021,"20/11/2020",24,1,7,"O",0,1
"NH",2021,"20/11/2020",24,2,1,"O",0,2
"NH",2021,"20/11/2020",24,3,1,"O",0,2
"NH",2021,"20/11/2020",24,4,0,"W",4,5
"NH",2021,"20/11/2020",24,5,0,"W",4,4
"NH",2021,"20/11/2020",24,6,0,"W",4,4
"NH",2021,"20/11/2020",24,7,0,"W",4,5
"NH",2021,"20/11/2020",24,8,0,"C",1,2
"NH",2021,"20/11/2020",24,9,2,"C",1,2
"NH",2021,"20/11/2020",24,10,1,"C",1,1
"NH",2021,"20/11/2020",24,11,12,"C",1,0
"NH",2021,"20/11/2020",24,12,7,"C",1,0
"NH",2021,"20/11/2020",24,13,12,"C",1,1
"NH",2021,"20/11/2020",24,14,20,"C",1,2
"NH",2021,"20/11/2020",24,15,4,"C",1,2
"NH",2021,"20/11/2020",24,16,14,"W",4,5
"NH",2021,"20/11/2020",24,17,0,"W",4,4
"NH",2021,"20/11/2020",24,18,0,"W",4,4
"NH",2021,"20/11/2020",24,19,4,"W",4,5
"NH",2021,"20/11/2020",24,20,5,"O",0,2
"NH",2021,"20/11/2020",24,21,6,"O",0,2
"NH",2021,"20/11/2020",24,22,15,"O",0,1
"NH",2021,"20/11/2020",25,1,15,"O",0,0
"NH",2021,"20/11/2020",25,2,15,"O",0,1
"NH",2021,"20/11/2020",25,3,17,"O",0,1
"NH",2021,"20/11/2020",25,4,16,"W",4,4
"NH",2021,"20/11/2020",25,5,5,"W",4,4
"NH",2021,"20/11/2020",25,6,8,"W",4,3
"NH",2021,"20/11/2020",25,7,13,"W",4,3
"NH",2021,"20/11/2020",25,8,13,"C",0,0
"NH",2021,"20/11/2020",25,9,14,"C",0,0
"NH",2021,"20/11/2020",25,10,12,"C",0,0
"NH",2021,"20/11/2020",25,11,16,"C",0,0
"NH",2021,"20/11/2020",25,12,14,"C",0,0
"NH",2021,"20/11/2020",25,13,10,"C",0,0
"NH",2021,"20/11/2020",25,14,13,"C",0,1
"NH",2021,"20/11/2020",25,15,16,"C",0,1
"NH",2021,"20/11/2020",25,16,9,"W",4,4
"NH",2021,"20/11/2020",25,17,14,"W",4,4
"NH",2021,"20/11/2020",25,18,12,"W",4,3
"NH",2021,"20/11/2020",25,19,12,"W",4,3
"NH",2021,"20/11/2020",25,20,11,"O",0,0
"NH",2021,"20/11/2020",25,21,10,"O",0,0
"NH",2021,"20/11/2020",25,22,19,"O",0,0
"NH",2021,"20/11/2020",26,1,16,"O",0,0
"NH",2021,"20/11/2020",26,2,12,"O",0,1
"NH",2021,"20/11/2020",26,3,9,"O",0,1
"NH",2021,"20/11/2020",26,4,7,"W",4,4
"NH",2021,"20/11/2020",26,5,3,"W",4,4
"NH",2021,"20/11/2020",26,6,4,"W",4,3
"NH",2021,"20/11/2020",26,7,2,"W",4,3
"NH",2021,"20/11/2020",26,8,3,"C",0,0
"NH",2021,"20/11/2020",26,9,13,"C",0,0
"NH",2021,"20/11/2020",26,10,9,"C",0,0
"NH",2021,"20/11/2020",26,11,16,"C",0,0
"NH",2021,"20/11/2020",26,12,6,"C",0,0
"NH",2021,"20/11/2020",26,13,14,"C",0,0
"NH",2021,"20/11/2020",26,14,13,"C",0,1
"NH",2021,"20/11/2020",26,15,15,"C",0,1
"NH",2021,"20/11/2020",26,16,15,"W",4,4
"NH",2021,"20/11/2020",26,17,10,"W",4,4
"NH",2021,"20/11/2020",26,18,2,"W",4,3
"NH",2021,"20/11/2020",26,19,11,"W",4,3
"NH",2021,"20/11/2020",26,20,16,"O",0,0
"NH",2021,"20/11/2020",26,21,13,"O",0,0
"NH",2021,"20/11/2020",26,22,9,"O",0,0
"NH",2021,"20/11/2020",27,1,15,"O",0,0
"NH",2021,"20/11/2020",27,2,17,"O",0,0
"NH",2021,"20/11/2020",27,3,8,"O",0,0
"NH",2021,"20/11/2020",27,4,8,"W",3,3
"NH",2021,"20/11/2020",27,5,8,"W",3,3
"NH",2021,"20/11/2020",27,6,12,"W",3,3
"NH",2021,"20/11/2020",27,7,12,"W",3,3
"NH",2021,"20/11/2020",27,8,10,"C",0,0
"NH",2021,"20/11/2020",27,9,5,"C",0,0
"NH",2021,"20/11/2020",27,10,7,"C",0,0
"NH",2021,"20/11/2020",27,11,11,"C",0,0
"NH",2021,"20/11/2020",27,12,5,"C",0,0
"NH",2021,"20/11/2020",27,13,9,"C",0,0
"NH",2021,"20/11/2020",27,14,15,"C",0,0
"NH",2021,"20/11/2020",27,15,14,"C",0,0
"NH",2021,"20/11/2020",27,16,2,"W",3,3
"NH",2021,"20/11/2020",27,17,2,"W",3,3
"NH",2021,"20/11/2020",27,18,7,"W",3,3
"NH",2021,"20/11/2020",27,19,16,"W",3,3
"NH",2021,"20/11/2020",27,20,11,"O",0,0
"NH",2021,"20/11/2020",27,21,9,"O",0,0
"NH",2021,"20/11/2020",27,22,11,"O",0,0
"NH",2021,"20/11/2020",28,1,17,"O",0,1
"NH",2021,"20/11/2020",28,2,14,"O",0,1
"NH",2021,"20/11/2020",28,3,7,"O",0,1
"NH",2021,"20/11/2020",28,4,1,"W",4,4
"NH",2021,"20/11/2020",28,5,0,"W",4,4
"NH",2021,"20/11/2020",28,6,1,"W",4,4
"NH",2021,"20/11/2020",28,7,12,"W",4,4
"NH",2021,"20/11/2020",28,8,6,"C",1,1
"NH",2021,"20/11/2020",28,9,5,"C",1,1
"NH",2021,"20/11/2020",28,10,7,"C",1,0
"NH",2021,"20/11/2020",28,11,5,"C",1,0
"NH",2021,"20/11/2020",28,12,8,"C",1,0
"NH",2021,"20/11/2020",28,13,9,"C",1,0
"NH",2021,"20/11/2020",28,14,10,"C",1,1
"NH",2021,"20/11/2020",28,15,6,"C",1,1
"NH",2021,"20/11/2020",28,16,1,"W",4,4
"NH",2021,"20/11/2020",28,17,2,"W",4,4
"NH",2021,"20/11/2020",28,18,2,"W",4,4
"NH",2021,"20/11/2020",28,19,7,"W",4,4
"NH",2021,"20/11/2020",28,20,7,"O",0,1
"NH",2021,"20/11/2020",28,21,11,"O",0,1
"NH",2021,"20/11/2020",28,22,10,"O",0,1
"NH",2021,"20/11/2020",29,1,14,"O",0,1
"NH",2021,"20/11/2020",29,2,20,"O",0,2
"NH",2021,"20/11/2020",29,3,10,"O",0,2
"NH",2021,"20/11/2020",29,4,9,"W",4,5
"NH",2021,"20/11/2020",29,5,2,"W",4,4
"NH",2021,"20/11/2020",29,6,0,"W",4,4
"NH",2021,"20/11/2020",29,7,1,"W",4,5
"NH",2021,"20/11/2020",29,8,9,"C",1,2
"NH",2021,"20/11/2020",29,9,10,"C",1,2
"NH",2021,"20/11/2020",29,10,10,"C",1,1
"NH",2021,"20/11/2020",29,11,19,"C",1,0
"NH",2021,"20/11/2020",29,12,15,"C",1,0
"NH",2021,"20/11/2020",29,13,18,"C",1,1
"NH",2021,"20/11/2020",29,14,11,"C",1,2
"NH",2021,"20/11/2020",29,15,1,"C",1,2
"NH",2021,"20/11/2020",29,16,5,"W",4,5
"NH",2021,"20/11/2020",29,17,0,"W",4,4
"NH",2021,"20/11/2020",29,18,0,"W",4,4
"NH",2021,"20/11/2020",29,19,1,"W",4,5
"NH",2021,"20/11/2020",29,20,1,"O",0,2
"NH",2021,"20/11/2020",29,21,9,"O",0,2
"NH",2021,"20/11/2020",29,22,5,"O",0,1
"NH",2021,"20/11/2020",30,1,5,"O",0,0
"NH",2021,"20/11/2020",30,2,3,"O",0,0
"NH",2021,"20/11/2020",30,3,4,"O",0,0
"NH",2021,"20/11/2020",30,4,4,"W",3,3
"NH",2021,"20/11/2020",30,5,0,"W",3,3
"NH",2021,"20/11/2020",30,6,0,"W",3,3
"NH",2021,"20/11/2020",30,7,0,"W",3,3
"NH",2021,"20/11/2020",30,8,1,"C",0,0
"NH",2021,"20/11/2020",30,9,1,"C",0,0
"NH",2021,"20/11/2020",30,10,5,"C",0,0
"NH",2021,"20/11/2020",30,11,7,"C",0,0
"NH",2021,"20/11/2020",30,12,8,"C",0,0
"NH",2021,"20/11/2020",30,13,13,"C",0,0
"NH",2021,"20/11/2020",30,14,9,"C",0,0
"NH",2021,"20/11/2020",30,15,14,"C",0,0
"NH",2021,"20/11/2020",30,16,10,"W",3,3
"NH",2021,"20/11/2020",30,17,1,"W",3,3
"NH",2021,"20/11/2020",30,18,4,"W",3,3
"NH",2021,"20/11/2020",30,19,3,"W",3,3
"NH",2021,"20/11/2020",30,20,8,"O",0,0
"NH",2021,"20/11/2020",30,21,10,"O",0,0
"NH",2021,"20/11/2020",30,22,16,"O",0,0
"NH",2021,"20/11/2020",31,1,15,"O",0,0
"NH",2021,"20/11/2020",31,2,17,"O",0,0
"NH",2021,"20/11/2020",31,3,19,"O",0,0
"NH",2021,"20/11/2020",31,4,19,"W",3,3
"NH",2021,"20/11/2020",31,5,16,"W",3,3
"NH",2021,"20/11/2020",31,6,14,"W",3,3
"NH",2021,"20/11/2020",31,7,5,"W",3,3
"NH",2021,"20/11/2020",31,8,15,"C",0,0
"NH",2021,"20/11/2020",31,9,7,"C",0,0
"NH",2021,"20/11/2020",31,10,1,"C",0,0
"NH",2021,"20/11/2020",31,11,17,"C",0,0
"NH",2021,"20/11/2020",31,12,20,"C",0,0
"NH",2021,"20/11/2020",31,13,15,"C",0,0
"NH",2021,"20/11/2020",31,14,8,"C",0,0
"NH",2021,"20/11/2020",31,15,8,"C",0,0
"NH",2021,"20/11/2020",31,16,8,"W",3,3
"NH",2021,"20/11/2020",31,17,4,"W",3,3
"NH",2021,"20/11/2020",31,18,1,"W",3,3
"NH",2021,"20/11/2020",31,19,4,"W",3,3
"NH",2021,"20/11/2020",31,20,7,"O",0,0
"NH",2021,"20/11/2020",31,21,11,"O",0,0
"NH",2021,"20/11/2020",31,22,8,"O",0,0
"NH",2021,"20/11/2020",33,1,9,"O",0,1
"NH",2021,"20/11/2020",33,2,12,"O",0,1
"NH",2021,"20/11/2020",33,3,9,"O",0,1
"NH",2021,"20/11/2020",33,4,8,"W",4,4
"NH",2021,"20/11/2020",33,5,3,"W",4,4
"NH",2021,"20/11/2020",33,6,8,"W",4,4
"NH",2021,"20/11/2020",33,7,7,"W",4,4
"NH",2021,"20/11/2020",33,8,7,"C",1,1
"NH",2021,"20/11/2020",33,9,12,"C",1,1
"NH",2021,"20/11/2020",33,10,9,"C",1,0
"NH",2021,"20/11/2020",33,11,4,"C",1,0
"NH",2021,"20/11/2020",33,12,6,"C",1,0
"NH",2021,"20/11/2020",33,13,2,"C",1,0
"NH",2021,"20/11/2020",33,14,5,"C",1,1
"NH",2021,"20/11/2020",33,15,10,"C",1,1
"NH",2021,"20/11/2020",33,16,10,"W",4,4
"NH",2021,"20/11/2020",33,17,11,"W",4,4
"NH",2021,"20/11/2020",33,18,6,"W",4,4
"NH",2021,"20/11/2020",33,19,8,"W",4,4
"NH",2021,"20/11/2020",33,20,21,"O",0,1
"NH",2021,"20/11/2020",33,21,12,"O",0,1
"NH",2021,"20/11/2020",33,22,14,"O",0,1
"NH",2021,"20/11/2020",34,1,19,"O",0,1
"NH",2021,"20/11/2020",34,2,9,"O",0,2
"NH",2021,"20/11/2020",34,3,18,"O",0,2
"NH",2021,"20/11/2020",34,4,3,"W",4,5
"NH",2021,"20/11/2020",34,5,5,"W",4,4
"NH",2021,"20/11/2020",34,6,15,"W",4,4
"NH",2021,"20/11/2020",34,7,11,"W",4,5
"NH",2021,"20/11/2020",34,8,6,"C",1,2
"NH",2021,"20/11/2020",34,9,18,"C",1,2
"NH",2021,"20/11/2020",34,10,12,"C",1,1
"NH",2021,"20/11/2020",34,11,16,"C",1,0
"NH",2021,"20/11/2020",34,12,21,"C",1,0
"NH",2021,"20/11/2020",34,13,17,"C",1,1
"NH",2021,"20/11/2020",34,14,9,"C",1,2
"NH",2021,"20/11/2020",34,15,7,"C",1,2
"NH",2021,"20/11/2020",34,16,9,"W",4,5
"NH",2021,"20/11/2020",34,17,1,"W",4,4
"NH",2021,"20/11/2020",34,18,3,"W",4,4
"NH",2021,"20/11/2020",34,19,6,"W",4,5
"NH",2021,"20/11/2020",34,20,5,"O",0,2
"NH",2021,"20/11/2020",34,21,13,"O",0,2
"NH",2021,"20/11/2020",34,22,10,"O",0,1
"NH",2021,"20/11/2020",35,1,13,"O",0,0
"NH",2021,"20/11/2020",35,2,13,"O",0,1
"NH",2021,"20/11/2020",35,3,15,"O",0,1
"NH",2021,"20/11/2020",35,4,10,"W",4,4
"NH",2021,"20/11/2020",35,5,9,"W",4,4
"NH",2021,"20/11/2020",35,6,10,"W",4,3
"NH",2021,"20/11/2020",35,7,10,"W",4,3
"NH",2021,"20/11/2020",35,8,7,"C",0,0
"NH",2021,"20/11/2020",35,9,9,"C",0,0
"NH",2021,"20/11/2020",35,10,10,"C",0,0
"NH",2021,"20/11/2020",35,11,15,"C",0,0
"NH",2021,"20/11/2020",35,12,5,"C",0,0
"NH",2021,"20/11/2020",35,13,3,"C",0,0
"NH",2021,"20/11/2020",35,14,3,"C",0,1
"NH",2021,"20/11/2020",35,15,6,"C",0,1
"NH",2021,"20/11/2020",35,16,0,"W",4,4
"NH",2021,"20/11/2020",35,17,1,"W",4,4
"NH",2021,"20/11/2020",35,18,0,"W",4,3
"NH",2021,"20/11/2020",35,19,11,"W",4,3
"NH",2021,"20/11/2020",35,20,8,"O",0,0
"NH",2021,"20/11/2020",35,21,10,"O",0,0
"NH",2021,"20/11/2020",35,22,7,"O",0,0
"NH",2021,"20/11/2020",36,1,14,"O",0,0
"NH",2021,"20/11/2020",36,2,9,"O",0,1
"NH",2021,"20/11/2020",36,3,9,"O",0,1
"NH",2021,"20/11/2020",36,4,11,"W",4,4
"NH",2021,"20/11/2020",36,5,4,"W",4,4
"NH",2021,"20/11/2020",36,6,6,"W",4,3
"NH",2021,"20/11/2020",36,7,8,"W",4,3
"NH",2021,"20/11/2020",36,8,15,"C",0,0
"NH",2021,"20/11/2020",36,9,9,"C",0,0
"NH",2021,"20/11/2020",36,10,15,"C",0,0
"NH",2021,"20/11/2020",36,11,7,"C",0,0
"NH",2021,"20/11/2020",36,12,9,"C",0,0
"NH",2021,"20/11/2020",36,13,5,"C",0,0
"NH",2021,"20/11/2020",36,14,9,"C",0,1
"NH",2021,"20/11/2020",36,15,8,"C",0,1
"NH",2021,"20/11/2020",36,16,8,"W",4,4
"NH",2021,"20/11/2020",36,17,5,"W",4,4
"NH",2021,"20/11/2020",36,18,3,"W",4,3
"NH",2021,"20/11/2020",36,19,8,"W",4,3
"NH",2021,"20/11/2020",36,20,17,"O",0,0
"NH",2021,"20/11/2020",36,21,12,"O",0,0
"NH",2021,"20/11/2020",36,22,15,"O",0,0
"NH",2021,"20/11/2020",37,1,22,"O",0,0
"NH",2021,"20/11/2020",37,2,7,"O",0,0
"NH",2021,"20/11/2020",37,3,10,"O",0,0
"NH",2021,"20/11/2020",37,4,3,"W",3,3
"NH",2021,"20/11/2020",37,5,0,"W",3,3
"NH",2021,"20/11/2020",37,6,2,"W",3,3
"NH",2021,"20/11/2020",37,7,12,"W",3,3
"NH",2021,"20/11/2020",37,8,5,"C",0,0
"NH",2021,"20/11/2020",37,9,4,"C",0,0
"NH",2021,"20/11/2020",37,10,3,"C",0,0
"NH",2021,"20/11/2020",37,11,11,"C",0,0
"NH",2021,"20/11/2020",37,12,7,"C",0,0
"NH",2021,"20/11/2020",37,13,4,"C",0,0
"NH",2021,"20/11/2020",37,14,6,"C",0,0
"NH",2021,"20/11/2020",37,15,4,"C",0,0
"NH",2021,"20/11/2020",37,16,7,"W",3,3
"NH",2021,"20/11/2020",37,17,1,"W",3,3
"NH",2021,"20/11/2020",37,18,0,"W",3,3
"NH",2021,"20/11/2020",37,19,11,"W",3,3
"NH",2021,"20/11/2020",37,20,6,"O",0,0
"NH",2021,"20/11/2020",37,21,14,"O",0,0
"NH",2021,"20/11/2020",37,22,5,"O",0,0
"NH",2021,"20/11/2020",38,1,2,"O",0,0
"NH",2021,"20/11/2020",38,2,8,"O",0,0
"NH",2021,"20/11/2020",38,3,3,"O",0,0
"NH",2021,"20/11/2020",38,4,6,"W",3,3
"NH",2021,"20/11/2020",38,5,1,"W",3,3
"NH",2021,"20/11/2020",38,6,3,"W",3,3
"NH",2021,"20/11/2020",38,7,14,"W",3,3
"NH",2021,"20/11/2020",38,8,4,"C",0,0
"NH",2021,"20/11/2020",38,9,4,"C",0,0
"NH",2021,"20/11/2020",38,10,3,"C",0,0
"NH",2021,"20/11/2020",38,11,0,"C",0,0
"NH",2021,"20/11/2020",38,12,3,"C",0,0
"NH",2021,"20/11/2020",38,13,8,"C",0,0
"NH",2021,"20/11/2020",38,14,6,"C",0,0
"NH",2021,"20/11/2020",38,15,14,"C",0,0
"NH",2021,"20/11/2020",38,16,12,"W",3,3
"NH",2021,"20/11/2020",38,17,8,"W",3,3
"NH",2021,"20/11/2020",38,18,16,"W",3,3
"NH",2021,"20/11/2020",38,19,6,"W",3,3
"NH",2021,"20/11/2020",38,20,22,"O",0,0
"NH",2021,"20/11/2020",38,21,18,"O",0,0
"NH",2021,"20/11/2020",38,22,10,"O",0,0
"NH",2021,"20/11/2020",39,1,9,"O",0,0
"NH",2021,"20/11/2020",39,2,20,"O",0,0
"NH",2021,"20/11/2020",39,3,18,"O",0,0
"NH",2021,"20/11/2020",39,4,8,"W",3,3
"NH",2021,"20/11/2020",39,5,8,"W",3,3
"NH",2021,"20/11/2020",39,6,10,"W",3,3
"NH",2021,"20/11/2020",39,7,8,"W",3,3
"NH",2021,"20/11/2020",39,8,10,"C",0,0
"NH",2021,"20/11/2020",39,9,16,"C",0,0
"NH",2021,"20/11/2020",39,10,7,"C",0,0
"NH",2021,"20/11/2020",39,11,15,"C",0,0
"NH",2021,"20/11/2020",39,12,11,"C",0,0
"NH",2021,"20/11/2020",39,13,18,"C",0,0
"NH",2021,"20/11/2020",39,14,12,"C",0,0
"NH",2021,"20/11/2020",39,15,10,"C",0,0
"NH",2021,"20/11/2020",39,16,2,"W",3,3
"NH",2021,"20/11/2020",39,17,3,"W",3,3
"NH",2021,"20/11/2020",39,18,5,"W",3,3
"NH",2021,"20/11/2020",39,19,16,"W",3,3
"NH",2021,"20/11/2020",39,20,14,"O",0,0
"NH",2021,"20/11/2020",39,21,11,"O",0,0
"NH",2021,"20/11/2020",39,22,16,"O",0,0
"NH",2021,"20/11/2020",40,1,6,"O",0,0
"NH",2021,"20/11/2020",40,2,17,"O",0,0
"NH",2021,"20/11/2020",40,3,14,"O",0,0
"NH",2021,"20/11/2020",40,4,12,"W",3,3
"NH",2021,"20/11/2020",40,5,2,"W",3,3
"NH",2021,"20/11/2020",40,6,5,"W",3,3
"NH",2021,"20/11/2020",40,7,9,"W",3,3
"NH",2021,"20/11/2020",40,8,8,"C",0,0
"NH",2021,"20/11/2020",40,9,12,"C",0,0
"NH",2021,"20/11/2020",40,10,4,"C",0,0
"NH",2021,"20/11/2020",40,11,20,"C",0,0
"NH",2021,"20/11/2020",40,12,15,"C",0,0
"NH",2021,"20/11/2020",40,13,10,"C",0,0
"NH",2021,"20/11/2020",40,14,8,"C",0,0
"NH",2021,"20/11/2020",40,15,8,"C",0,0
"NH",2021,"20/11/2020",40,16,9,"W",3,3
"NH",2021,"20/11/2020",40,17,1,"W",3,3
"NH",2021,"20/11/2020",40,18,6,"W",3,3
"NH",2021,"20/11/2020",40,19,15,"W",3,3
"NH",2021,"20/11/2020",40,20,8,"O",0,0
"NH",2021,"20/11/2020",40,21,15,"O",0,0
"NH",2021,"20/11/2020",40,22,16,"O",0,0
"NH",2021,"20/11/2020",41,1,10,"O",0,0
"NH",2021,"20/11/2020",41,2,18,"O",0,0
"NH",2021,"20/11/2020",41,3,27,"O",0,0
"NH",2021,"20/11/2020",41,4,14,"W",3,3
"NH",2021,"20/11/2020",41,5,16,"W",3,3
"NH",2021,"20/11/2020",41,6,6,"W",3,3
"NH",2021,"20/11/2020",41,7,13,"W",3,3
"NH",2021,"20/11/2020",41,8,7,"C",0,0
"NH",2021,"20/11/2020",41,9,11,"C",0,0
"NH",2021,"20/11/2020",41,10,9,"C",0,0
"NH",2021,"20/11/2020",41,11,16,"C",0,0
"NH",2021,"20/11/2020",41,12,15,"C",0,0
"NH",2021,"20/11/2020",41,13,11,"C",0,0
"NH",2021,"20/11/2020",41,14,16,"C",0,0
"NH",2021,"20/11/2020",41,15,11,"C",0,0
"NH",2021,"20/11/2020",41,16,8,"W",3,3
"NH",2021,"20/11/2020",41,17,10,"W",3,3
"NH",2021,"20/11/2020",41,18,12,"W",3,3
"NH",2021,"20/11/2020",41,19,18,"W",3,3
"NH",2021,"20/11/2020",41,20,5,"O",0,0
"NH",2021,"20/11/2020",41,21,9,"O",0,0
"NH",2021,"20/11/2020",41,22,8,"O",0,0
"NH",2021,"20/11/2020",42,1,9,"O",0,0
"NH",2021,"20/11/2020",42,2,22,"O",0,0
"NH",2021,"20/11/2020",42,3,19,"O",0,0
"NH",2021,"20/11/2020",42,4,16,"W",3,3
"NH",2021,"20/11/2020",42,5,9,"W",3,3
"NH",2021,"20/11/2020",42,6,3,"W",3,3
"NH",2021,"20/11/2020",42,7,4,"W",3,3
"NH",2021,"20/11/2020",42,8,4,"C",0,0
"NH",2021,"20/11/2020",42,9,9,"C",0,0
"NH",2021,"20/11/2020",42,10,4,"C",0,0
"NH",2021,"20/11/2020",42,11,13,"C",0,0
"NH",2021,"20/11/2020",42,12,12,"C",0,0
"NH",2021,"20/11/2020",42,13,9,"C",0,0
"NH",2021,"20/11/2020",42,14,11,"C",0,0
"NH",2021,"20/11/2020",42,15,12,"C",0,0
"NH",2021,"20/11/2020",42,16,8,"W",3,3
"NH",2021,"20/11/2020",42,17,7,"W",3,3
"NH",2021,"20/11/2020",42,18,14,"W",3,3
"NH",2021,"20/11/2020",42,19,9,"W",3,3
"NH",2021,"20/11/2020",42,20,7,"O",0,0
"NH",2021,"20/11/2020",42,21,9,"O",0,0
"NH",2021,"20/11/2020",42,22,12,"O",0,0
"NH",2021,"20/11/2020",43,1,5,"O",0,1
"NH",2021,"20/11/2020",43,2,8,"O",0,1
"NH",2021,"20/11/2020",43,3,13,"O",0,1
"NH",2021,"20/11/2020",43,4,7,"W",4,4
"NH",2021,"20/11/2020",43,5,13,"W",4,4
"NH",2021,"20/11/2020",43,6,12,"W",4,4
"NH",2021,"20/11/2020",43,7,8,"W",4,4
"NH",2021,"20/11/2020",43,8,16,"C",1,1
"NH",2021,"20/11/2020",43,9,12,"C",1,1
"NH",2021,"20/11/2020",43,10,13,"C",1,0
"NH",2021,"20/11/2020",43,11,8,"C",1,0
"NH",2021,"20/11/2020",43,12,10,"C",1,0
"NH",2021,"20/11/2020",43,13,6,"C",1,0
"NH",2021,"20/11/2020",43,14,11,"C",1,1
"NH",2021,"20/11/2020",43,15,10,"C",1,1
"NH",2021,"20/11/2020",43,16,6,"W",4,4
"NH",2021,"20/11/2020",43,17,7,"W",4,4
"NH",2021,"20/11/2020",43,18,5,"W",4,4
"NH",2021,"20/11/2020",43,19,3,"W",4,4
"NH",2021,"20/11/2020",43,20,12,"O",0,1
"NH",2021,"20/11/2020",43,21,9,"O",0,1
"NH",2021,"20/11/2020",43,22,12,"O",0,1
"NH",2021,"20/11/2020",44,1,7,"O",0,1
"NH",2021,"20/11/2020",44,2,14,"O",0,2
"NH",2021,"20/11/2020",44,3,3,"O",0,2
"NH",2021,"20/11/2020",44,4,2,"W",4,5
"NH",2021,"20/11/2020",44,5,5,"W",4,4
"NH",2021,"20/11/2020",44,6,3,"W",4,4
"NH",2021,"20/11/2020",44,7,7,"W",4,5
"NH",2021,"20/11/2020",44,8,6,"C",1,2
"NH",2021,"20/11/2020",44,9,7,"C",1,2
"NH",2021,"20/11/2020",44,10,8,"C",1,1
"NH",2021,"20/11/2020",44,11,11,"C",1,0
"NH",2021,"20/11/2020",44,12,13,"C",1,0
"NH",2021,"20/11/2020",44,13,11,"C",1,1
"NH",2021,"20/11/2020",44,14,8,"C",1,2
"NH",2021,"20/11/2020",44,15,6,"C",1,2
"NH",2021,"20/11/2020",44,16,3,"W",4,5
"NH",2021,"20/11/2020",44,17,1,"W",4,4
"NH",2021,"20/11/2020",44,18,0,"W",4,4
"NH",2021,"20/11/2020",44,19,2,"W",4,5
"NH",2021,"20/11/2020",44,20,0,"O",0,2
"NH",2021,"20/11/2020",44,21,4,"O",0,2
"NH",2021,"20/11/2020",44,22,5,"O",0,1
"NH",2021,"20/11/2020",45,1,5,"O",0,0
"NH",2021,"20/11/2020",45,2,6,"O",0,0
"NH",2021,"20/11/2020",45,3,2,"O",0,0
"NH",2021,"20/11/2020",45,4,6,"W",3,3
"NH",2021,"20/11/2020",45,5,2,"W",3,3
"NH",2021,"20/11/2020",45,6,3,"W",3,3
"NH",2021,"20/11/2020",45,7,1,"W",3,3
"NH",2021,"20/11/2020",45,8,6,"C",0,0
"NH",2021,"20/11/2020",45,9,9,"C",0,0
"NH",2021,"20/11/2020",45,10,7,"C",0,0
"NH",2021,"20/11/2020",45,11,5,"C",0,0
"NH",2021,"20/11/2020",45,12,6,"C",0,0
"NH",2021,"20/11/2020",45,13,7,"C",0,0
"NH",2021,"20/11/2020",45,14,9,"C",0,0
"NH",2021,"20/11/2020",45,15,6,"C",0,0
"NH",2021,"20/11/2020",45,16,6,"W",3,3
"NH",2021,"20/11/2020",45,17,3,"W",3,3
"NH",2021,"20/11/2020",45,18,5,"W",3,3
"NH",2021,"20/11/2020",45,19,0,"W",3,3
"NH",2021,"20/11/2020",45,20,3,"O",0,0
"NH",2021,"20/11/2020",45,21,2,"O",0,0
"NH",2021,"20/11/2020",45,22,2,"O",0,0
"NH",2021,"20/11/2020",46,1,0,"O",0,0
"NH",2021,"20/11/2020",46,2,1,"O",0,1
"NH",2021,"20/11/2020",46,3,1,"O",0,1
"NH",2021,"20/11/2020",46,4,0,"W",4,4
"NH",2021,"20/11/2020",46,5,1,"W",4,4
"NH",2021,"20/11/2020",46,6,0,"W",4,3
"NH",2021,"20/11/2020",46,7,0,"W",4,3
"NH",2021,"20/11/2020",46,8,0,"C",0,0
"NH",2021,"20/11/2020",46,9,4,"C",0,0
"NH",2021,"20/11/2020",46,10,6,"C",0,0
"NH",2021,"20/11/2020",46,11,13,"C",0,0
"NH",2021,"20/11/2020",46,12,13,"C",0,0
"NH",2021,"20/11/2020",46,13,5,"C",0,0
"NH",2021,"20/11/2020",46,14,14,"C",0,1
"NH",2021,"20/11/2020",46,15,7,"C",0,1
"NH",2021,"20/11/2020",46,16,9,"W",4,4
"NH",2021,"20/11/2020",46,17,2,"W",4,4
"NH",2021,"20/11/2020",46,18,3,"W",4,3
"NH",2021,"20/11/2020",46,19,1,"W",4,3
"NH",2021,"20/11/2020",46,20,8,"O",0,0
"NH",2021,"20/11/2020",46,21,8,"O",0,0
"NH",2021,"20/11/2020",46,22,5,"O",0,0
"NH",2021,"20/11/2020",47,1,12,"O",0,0
"NH",2021,"20/11/2020",47,2,13,"O",0,1
"NH",2021,"20/11/2020",47,3,8,"O",0,1
"NH",2021,"20/11/2020",47,4,4,"W",4,4
"NH",2021,"20/11/2020",47,5,0,"W",4,4
"NH",2021,"20/11/2020",47,6,2,"W",4,3
"NH",2021,"20/11/2020",47,7,3,"W",4,3
"NH",2021,"20/11/2020",47,8,2,"C",0,0
"NH",2021,"20/11/2020",47,9,5,"C",0,0
"NH",2021,"20/11/2020",47,10,10,"C",0,0
"NH",2021,"20/11/2020",47,11,1,"C",0,0
"NH",2021,"20/11/2020",47,12,1,"C",0,0
"NH",2021,"20/11/2020",47,13,0,"C",0,0
"NH",2021,"20/11/2020",47,14,2,"C",0,1
"NH",2021,"20/11/2020",47,15,1,"C",0,1
"NH",2021,"20/11/2020",47,16,6,"W",4,4
"NH",2021,"20/11/2020",47,17,8,"W",4,4
"NH",2021,"20/11/2020",47,18,14,"W",4,3
"NH",2021,"20/11/2020",47,19,8,"W",4,3
"NH",2021,"20/11/2020",47,20,11,"O",0,0
"NH",2021,"20/11/2020",47,21,8,"O",0,0
"NH",2021,"20/11/2020",47,22,6,"O",0,0
"NH",2021,"20/11/2020",48,1,4,"O",0,1
"NH",2021,"20/11/2020",48,2,9,"O",0,1
"NH",2021,"20/11/2020",48,3,6,"O",0,1
"NH",2021,"20/11/2020",48,4,2,"W",4,4
"NH",2021,"20/11/2020",48,5,1,"W",4,4
"NH",2021,"20/11/2020",48,6,3,"W",4,4
"NH",2021,"20/11/2020",48,7,11,"W",4,4
"NH",2021,"20/11/2020",48,8,7,"C",1,1
"NH",2021,"20/11/2020",48,9,8,"C",1,1
"NH",2021,"20/11/2020",48,10,5,"C",1,0
"NH",2021,"20/11/2020",48,11,4,"C",1,0
"NH",2021,"20/11/2020",48,12,8,"C",1,0
"NH",2021,"20/11/2020",48,13,9,"C",1,0
"NH",2021,"20/11/2020",48,14,16,"C",1,1
"NH",2021,"20/11/2020",48,15,8,"C",1,1
"NH",2021,"20/11/2020",48,16,1,"W",4,4
"NH",2021,"20/11/2020",48,17,0,"W",4,4
"NH",2021,"20/11/2020",48,18,1,"W",4,4
"NH",2021,"20/11/2020",48,19,6,"W",4,4
"NH",2021,"20/11/2020",48,20,12,"O",0,1
"NH",2021,"20/11/2020",48,21,11,"O",0,1
"NH",2021,"20/11/2020",48,22,17,"O",0,1
"NH",2021,"20/11/2020",49,1,5,"O",0,0
"NH",2021,"20/11/2020",49,2,6,"O",0,0
"NH",2021,"20/11/2020",49,3,6,"O",0,0
"NH",2021,"20/11/2020",49,4,0,"W",3,3
"NH",2021,"20/11/2020",49,5,0,"W",3,3
"NH",2021,"20/11/2020",49,6,1,"W",3,3
"NH",2021,"20/11/2020",49,7,4,"W",3,3
"NH",2021,"20/11/2020",49,8,6,"C",0,0
"NH",2021,"20/11/2020",49,9,5,"C",0,0
"NH",2021,"20/11/2020",49,10,5,"C",0,0
"NH",2021,"20/11/2020",49,11,13,"C",0,0
"NH",2021,"20/11/2020",49,12,10,"C",0,0
"NH",2021,"20/11/2020",49,13,12,"C",0,0
"NH",2021,"20/11/2020",49,14,8,"C",0,0
"NH",2021,"20/11/2020",49,15,8,"C",0,0
"NH",2021,"20/11/2020",49,16,10,"W",3,3
"NH",2021,"20/11/2020",49,17,4,"W",3,3
"NH",2021,"20/11/2020",49,18,5,"W",3,3
"NH",2021,"20/11/2020",49,19,12,"W",3,3
"NH",2021,"20/11/2020",49,20,12,"O",0,0
"NH",2021,"20/11/2020",49,21,13,"O",0,0
"NH",2021,"20/11/2020",49,22,6,"O",0,0
"NH",2021,"20/11/2020",50,1,5,"O",0,0
"NH",2021,"20/11/2020",50,2,6,"O",0,0
"NH",2021,"20/11/2020",50,3,4,"O",0,0
"NH",2021,"20/11/2020",50,4,0,"W",3,3
"NH",2021,"20/11/2020",50,5,1,"W",3,3
"NH",2021,"20/11/2020",50,6,2,"W",3,3
"NH",2021,"20/11/2020",50,7,8,"W",3,3
"NH",2021,"20/11/2020",50,8,6,"C",0,0
"NH",2021,"20/11/2020",50,9,2,"C",0,0
"NH",2021,"20/11/2020",50,10,0,"C",0,0
"NH",2021,"20/11/2020",50,11,7,"C",0,0
"NH",2021,"20/11/2020",50,12,2,"C",0,0
"NH",2021,"20/11/2020",50,13,12,"C",0,0
"NH",2021,"20/11/2020",50,14,10,"C",0,0
"NH",2021,"20/11/2020",50,15,14,"C",0,0
"NH",2021,"20/11/2020",50,16,3,"W",3,3
"NH",2021,"20/11/2020",50,17,2,"W",3,3
"NH",2021,"20/11/2020",50,18,9,"W",3,3
"NH",2021,"20/11/2020",50,19,13,"W",3,3
"NH",2021,"20/11/2020",50,20,15,"O",0,0
"NH",2021,"20/11/2020",50,21,11,"O",0,0
"NH",2021,"20/11/2020",50,22,12,"O",0,0
"NH",2021,"20/11/2020",51,1,9,"O",0,1
"NH",2021,"20/11/2020",51,2,14,"O",0,2
"NH",2021,"20/11/2020",51,3,15,"O",0,2
"NH",2021,"20/11/2020",51,4,16,"W",4,5
"NH",2021,"20/11/2020",51,5,3,"W",4,4
"NH",2021,"20/11/2020",51,6,6,"W",4,4
"NH",2021,"20/11/2020",51,7,3,"W",4,5
"NH",2021,"20/11/2020",51,8,7,"C",1,2
"NH",2021,"20/11/2020",51,9,9,"C",1,2
"NH",2021,"20/11/2020",51,10,11,"C",1,1
"NH",2021,"20/11/2020",51,11,6,"C",1,0
"NH",2021,"20/11/2020",51,12,5,"C",1,0
"NH",2021,"20/11/2020",51,13,2,"C",1,1
"NH",2021,"20/11/2020",51,14,4,"C",1,2
"NH",2021,"20/11/2020",51,15,4,"C",1,2
"NH",2021,"20/11/2020",51,16,3,"W",4,5
"NH",2021,"20/11/2020",51,17,1,"W",4,4
"NH",2021,"20/11/2020",51,18,0,"W",4,4
"NH",2021,"20/11/2020",51,19,0,"W",4,5
"NH",2021,"20/11/2020",51,20,6,"O",0,2
"NH",2021,"20/11/2020",51,21,8,"O",0,2
"NH",2021,"20/11/2020",51,22,12,"O",0,1
